"County Code","County","CO 2nd Max 1-hr","CO 2nd Max 8-hr","NO2 98th Percentile 1-hr","NO2 Mean 1-hr","Ozone 2nd Max 1-hr","Ozone 4th Max 8-hr","SO2 99th Percentile 1-hr","SO2 2nd Max 24-hr","SO2 Mean 1-hr","PM2.5 98th Percentile 24-hr","PM2.5 Weighted Mean 24-hr","PM10 2nd Max 24-hr","PM10 Mean 24-hr","Lead Max 3-Mo Avg"
"01003","Baldwin County, AL",".",".",".",".","0.07","0.062",".",".",".","17","8.4",".",".","."
"01027","Clay County, AL",".",".",".",".",".",".",".",".",".","16","8",".",".","."
"01033","Colbert County, AL",".",".",".",".","0.07","0.059",".",".",".","17","8.6",".",".","."
"01049","DeKalb County, AL",".",".",".",".","0.07","0.062",".",".",".","19","9",".",".","."
"01051","Elmore County, AL",".",".",".",".","0.07","0.061",".",".",".",".",".",".",".","."
"01055","Etowah County, AL",".",".",".",".","0.07","0.06",".",".",".","19","9.2",".",".","."
"01069","Houston County, AL",".",".",".",".","0.07","0.061",".",".",".","18","8.3",".",".","."
"01073","Jefferson County, AL","5.6","1.7","46","12","0.08","0.067","29","5","1","24","11.9","58","24","0.02"
"01089","Madison County, AL",".",".",".",".","0.08","0.064",".",".",".","16","8.6","37","15","."
"01097","Mobile County, AL",".",".",".",".","0.07","0.062","18","4","1","17","8.3","40","21","."
"01101","Montgomery County, AL",".",".",".",".","0.07","0.061",".",".",".","21","9.5","27","15","."
"01103","Morgan County, AL",".",".",".",".","0.07","0.06",".",".",".","16","8.6",".",".","."
"01109","Pike County, AL",".",".",".",".",".",".",".",".",".",".",".",".",".","0.26"
"01113","Russell County, AL",".",".",".",".","0.07","0.063",".",".",".","22","10",".",".","."
"01117","Shelby County, AL",".",".",".",".","0.08","0.067",".",".",".","17","9",".",".","."
"01119","Sumter County, AL",".",".",".",".","0.07","0.058",".",".",".",".",".",".",".","."
"01121","Talladega County, AL",".",".",".",".",".",".",".",".",".","17","9.2",".",".","."
"01125","Tuscaloosa County, AL",".",".",".",".","0.07","0.059","8","1","0","20","9",".",".","."
"02020","Anchorage Borough, AK","5.2","4",".",".",".",".",".",".",".","16","5","120","23","."
"02068","Denali Borough, AK",".",".",".",".","0.05","0.051",".",".",".",".",".",".",".","."
"02090","Fairbanks North Star Borough, AK","5.9","3.2",".",".","0.05","0.048","37","24","7","122","29.1","95","22","."
"02110","Juneau Borough, AK",".",".",".",".",".",".",".",".",".","23","5.9","24","8","."
"02122","Kenai Peninsula Borough, AK",".",".",".",".",".",".",".",".",".","8","0.9","134","19","."
"02170","Matanuska-Susitna Borough, AK",".",".",".",".",".",".",".",".",".","28","6.4","84","13","."
"04001","Apache County, AZ",".",".",".",".",".",".",".",".",".",".",".","54","15","."
"04003","Cochise County, AZ",".",".",".",".","0.08","0.072",".",".",".","18","7.2","218","37","."
"04005","Coconino County, AZ",".",".",".",".","0.08","0.069",".",".",".","10","5.4","27","16","."
"04007","Gila County, AZ",".",".",".",".","0.09","0.072","256","43","7",".",".","144","42","0.12"
"04012","La Paz County, AZ",".",".",".",".","0.08","0.071",".",".",".",".",".",".",".","."
"04013","Maricopa County, AZ","4.2","2.7","63","25","0.1","0.079","9","4","1","29","10.6","280","43","0.04"
"04015","Mohave County, AZ",".",".",".",".",".",".",".",".",".","14","3.9","86","21","."
"04017","Navajo County, AZ",".",".",".",".","0.08","0.069",".",".",".",".",".","46","15","."
"04019","Pima County, AZ","1.8","1.1","44","11","0.08","0.074","7","1","0","16","6.8","363","40","0"
"04021","Pinal County, AZ",".",".",".",".","0.09","0.073",".",".",".","42","15.7","510","96","."
"04023","Santa Cruz County, AZ",".",".",".",".",".",".",".",".",".","28","9.9","174","46","."
"04025","Yavapai County, AZ",".",".",".",".","0.07","0.065",".",".",".","8","4.2","27","12","."
"04027","Yuma County, AZ",".",".",".",".","0.09","0.073",".",".",".","27","8.8","228","41","."
"05001","Arkansas County, AR",".",".",".",".",".",".",".",".",".","22","9.5",".",".","."
"05003","Ashley County, AR",".",".",".",".",".",".",".",".",".","21","9.1",".",".","."
"05019","Clark County, AR",".",".",".",".","0.08","0.067",".",".",".",".",".",".",".","."
"05035","Crittenden County, AR",".",".","39","8","0.08","0.067",".",".",".","22","10",".",".","."
"05051","Garland County, AR",".",".",".",".",".",".",".",".",".","20","9.5",".",".","."
"05067","Jackson County, AR",".",".",".",".",".",".",".",".",".","21","9.1",".",".","."
"05101","Newton County, AR",".",".",".",".","0.07","0.062",".",".",".",".",".",".",".","."
"05113","Polk County, AR",".",".",".",".","0.08","0.065",".",".",".","23","9.9",".",".","."
"05119","Pulaski County, AR","1.4","1.1","47","10","0.08","0.07","7","3","2","29","11","61","20","0"
"05139","Union County, AR",".",".",".",".",".",".","20","4","2","20","9.6",".",".","."
"05143","Washington County, AR",".",".",".",".","0.07","0.066",".",".",".","20","9.3",".",".","."
"06001","Alameda County, CA","3.6","2.6","53","17","0.1","0.069","17","3","0","32","12.8",".",".","."
"06005","Amador County, CA",".",".",".",".","0.09","0.066",".",".",".",".",".",".",".","."
"06007","Butte County, CA","2","1.4","40","8","0.09","0.073",".",".",".","30","10.1","51","24","."
"06009","Calaveras County, CA",".",".",".",".","0.08","0.067",".",".",".","24","9.1","39","16","."
"06011","Colusa County, CA",".",".",".",".","0.06","0.056",".",".",".","23","7.2","71","28","."
"06013","Contra Costa County, CA","1.7","1","41","10","0.08","0.065","14","5","1","27","12","45","21","."
"06015","Del Norte County, CA",".",".",".",".",".",".",".",".",".",".",".","36","14","."
"06017","El Dorado County, CA",".",".",".",".","0.09","0.082",".",".",".",".",".",".",".","."
"06019","Fresno County, CA","3.3","2.2","61","14","0.12","0.095","5","2","1","88","34.9","118","63","0.01"
"06021","Glenn County, CA",".",".",".",".","0.08","0.066",".",".",".",".",".","38","18","."
"06023","Humboldt County, CA","1.3","0.8","26","3","0.05","0.046","1","1","0","28","10.7","51","19","."
"06025","Imperial County, CA","5.2","3.9","62","13","0.11","0.08","8","2","1","29","13.3","289","52","0.02"
"06027","Inyo County, CA",".",".",".",".","0.08","0.07",".",".",".","39","9.7","424","27","."
"06029","Kern County, CA","1.7","1.1","56","14","0.11","0.087",".",".",".","97","22.8","112","51","."
"06031","Kings County, CA",".",".","46","10","0.1","0.085",".",".",".","68","18.2","251","56","."
"06033","Lake County, CA",".",".",".",".","0.07","0.059",".",".",".","8","3.9","20","9","."
"06037","Los Angeles County, CA","5.6","3.4","71","23","0.13","0.094","12","4","1","30","12.6","91","33","0.1"
"06039","Madera County, CA",".",".","39","8","0.1","0.085",".",".",".","55","17.8","108","37","."
"06041","Marin County, CA","2.1","0.9","47","12","0.07","0.057",".",".",".","27","10.8","32","15","."
"06043","Mariposa County, CA",".",".",".",".","0.08","0.077",".",".",".",".",".","61","23","."
"06045","Mendocino County, CA",".",".",".",".","0.06","0.046",".",".",".","23","9.3","45","14","."
"06047","Merced County, CA",".",".","40","8","0.1","0.083",".",".",".","67","13.5","69","36","."
"06051","Mono County, CA",".",".",".",".",".",".",".",".",".",".",".","1870","33","."
"06053","Monterey County, CA","1.7","0.8","36","5","0.07","0.059",".",".",".","16","6.7","75","27","."
"06055","Napa County, CA","2.8","1.5","40","9","0.08","0.055",".",".",".","28","11.7","36","18","."
"06057","Nevada County, CA",".",".",".",".","0.09","0.078",".",".",".","32","8.6",".",".","."
"06059","Orange County, CA","4.1","2.4","59","17","0.1","0.074","3","1","0","23","10.1","82","28","."
"06061","Placer County, CA",".",".","50","10","0.1","0.075",".",".",".","30","7.5","36","18","."
"06063","Plumas County, CA",".",".",".",".",".",".",".",".",".","47","15.3",".",".","."
"06065","Riverside County, CA","2.5","1.6","55","17","0.12","0.1","5","1","0","42","14.1","484","63","0.01"
"06067","Sacramento County, CA","2.8","2.4","53","13","0.11","0.079","3","2","1","49","12.6","68","26","0"
"06069","San Benito County, CA",".",".",".",".","0.08","0.071",".",".",".","15","5.9","50","20","."
"06071","San Bernardino County, CA","3.3","1.6","61","21","0.15","0.104","11","10","1","35","12.3","155","41","0.01"
"06073","San Diego County, CA","24.1","6.7","75","19","0.09","0.078","1","1","0","25","11.7","214","127","0.12"
"06075","San Francisco County, CA","1.8","1.3","60","14","0.06","0.043",".",".",".","28","10.1","40","17","."
"06077","San Joaquin County, CA","2.5","1.7","57","16","0.09","0.073",".",".",".","56","17.9","122","32","."
"06079","San Luis Obispo County, CA",".",".","37","7","0.08","0.074","53","10","1","31","12.5","158","40","."
"06081","San Mateo County, CA","3.3","1.6","47","13","0.07","0.056",".",".",".","29","10.7",".",".","0.22"
"06083","Santa Barbara County, CA","2.4","1","40","10","0.08","0.065","38","13","1","16","8.9","68","26","."
"06085","Santa Clara County, CA","2.7","2.1","52","15","0.09","0.067","10","2","0","35","12.4","53","21","0.12"
"06087","Santa Cruz County, CA",".",".",".",".","0.07","0.064",".",".",".","51","10.1",".",".","."
"06089","Shasta County, CA",".",".",".",".","0.08","0.068",".",".",".","35","5.9","39","20","."
"06093","Siskiyou County, CA",".",".",".",".","0.08","0.063",".",".",".","40","7.9","52","13","."
"06095","Solano County, CA","2.6","2","43","10","0.08","0.064","4","2","1","37","11.3","30","13","."
"06097","Sonoma County, CA","1.7","1.2","37","9","0.07","0.055",".",".",".","23","8.5","30","13","."
"06099","Stanislaus County, CA","2.6","2.1","46","11","0.09","0.08",".",".",".","61","15","88","62","."
"06101","Sutter County, CA",".",".","52","10","0.08","0.071",".",".",".","25","8.2","48","24","."
"06103","Tehama County, CA",".",".",".",".","0.09","0.072",".",".",".",".",".","43","21","."
"06105","Trinity County, CA",".",".",".",".",".",".",".",".",".","45","15.3","45","18","."
"06107","Tulare County, CA",".",".","53","13","0.12","0.09",".",".",".","63","18.9","122","44","."
"06109","Tuolumne County, CA",".",".",".",".","0.09","0.07",".",".",".",".",".",".",".","."
"06111","Ventura County, CA",".",".","37","9","0.1","0.077",".",".",".","25","9.4","143","27","."
"06113","Yolo County, CA",".",".","34","7","0.08","0.065",".",".",".","22","7.5","59","23","."
"08001","Adams County, CO","2.4","2.1","58","17","0.1","0.077","30","5","1","27","8.7","97","29","."
"08003","Alamosa County, CO",".",".",".",".",".",".",".",".",".",".",".","229","25","."
"08005","Arapahoe County, CO",".",".",".",".","0.1","0.079",".",".",".","22","6.8",".",".","0.02"
"08007","Archuleta County, CO",".",".",".",".",".",".",".",".",".",".",".","241","23","."
"08013","Boulder County, CO",".",".",".",".","0.09","0.079",".",".",".","23","7.1","51","23","."
"08015","Chaffee County, CO",".",".",".",".","0.08","0.071",".",".",".",".",".",".",".","."
"08019","Clear Creek County, CO",".",".",".",".","0.1","0.085",".",".",".",".",".",".",".","."
"08029","Delta County, CO",".",".",".",".",".",".",".",".",".",".",".","44","21","."
"08031","Denver County, CO","5.7","2.5","68","25","0.09","0.071","38","11","2","29","8.8","76","34","0"
"08035","Douglas County, CO",".",".",".",".","0.1","0.083",".",".",".","17","5.6",".",".","."
"08041","El Paso County, CO","3.3","1.8",".",".","0.09","0.074","58","14","3","18","6","52","20","."
"08043","Fremont County, CO",".",".",".",".",".",".",".",".",".",".",".","66","20","."
"08045","Garfield County, CO",".",".","38","6","0.08","0.069",".",".",".","9","3.9","34","18","."
"08051","Gunnison County, CO",".",".",".",".","0.07","0.064",".",".",".",".",".","61","21","."
"08057","Jackson County, CO","0.4","0.3","6","1","0.07","0.064","1","0","0",".",".",".",".","."
"08059","Jefferson County, CO",".",".",".",".","0.11","0.085",".",".",".",".",".",".",".","."
"08067","La Plata County, CO","1.7","1","35","6","0.08","0.072",".",".",".","29","4.5","38","20","."
"08069","Larimer County, CO","2.5","1.4",".",".","0.1","0.082",".",".",".","18","6.8","55","21","."
"08077","Mesa County, CO","1.4","0.9",".",".","0.07","0.066",".",".",".","40","8.8","56","19","."
"08081","Moffat County, CO",".",".",".",".","0.07","0.065",".",".",".",".",".",".",".","."
"08083","Montezuma County, CO",".",".",".",".","0.08","0.069",".",".",".","12","6.1",".",".","."
"08093","Park County, CO",".",".",".",".","0.08","0.068",".",".",".",".",".",".",".","."
"08097","Pitkin County, CO",".",".",".",".","0.07","0.064",".",".",".",".",".","35","14","."
"08099","Prowers County, CO",".",".",".",".",".",".",".",".",".",".",".","406","32","."
"08101","Pueblo County, CO",".",".",".",".",".",".",".",".",".","17","6.5","62","20","."
"08103","Rio Blanco County, CO",".",".","24","3","0.11","0.091",".",".",".","16","8.9",".",".","."
"08107","Routt County, CO",".",".",".",".",".",".",".",".",".",".",".","77","20","."
"08113","San Miguel County, CO",".",".",".",".","0.07","0.069",".",".",".",".",".","58","17","."
"08123","Weld County, CO","3","1.7",".",".","0.09","0.073",".",".",".","21","7.2","47","20","."
"09001","Fairfield County, CT","3.2","1.8","44","9","0.12","0.09","12","6","1","27","8.7","36","16","."
"09003","Hartford County, CT","2.6","1.7","48","16","0.11","0.077","9","4","1","24","8.1","26","12","."
"09005","Litchfield County, CT","2.7","0.6","23","2","0.11","0.068","4","3","0","13","5.2","19","7","."
"09007","Middlesex County, CT",".",".",".",".","0.11","0.082",".",".",".",".",".",".",".","."
"09009","New Haven County, CT","2","1.4","52","14","0.13","0.085","15","7","1","27","8.8","32","15","0.04"
"09011","New London County, CT",".",".",".",".","0.11","0.085",".",".",".","19","7.5",".",".","."
"09013","Tolland County, CT",".",".",".",".","0.1","0.081",".",".",".",".",".",".",".","."
"09015","Windham County, CT",".",".",".",".","0.09","0.069",".",".",".",".",".",".",".","."
"10001","Kent County, DE",".",".",".",".","0.07","0.064",".",".",".","23","8.1",".",".","."
"10003","New Castle County, DE","1.9","1.1","46","12","0.09","0.067","15","4","1","34","10.6",".",".","0"
"10005","Sussex County, DE",".",".","18","2","0.08","0.072","7","3","0","23","8.5",".",".","."
"11001","District of Columbia","4.4","2.5","58","13","0.08","0.066","10","4","1","26","11.6","40","17","0"
"12001","Alachua County, FL",".",".",".",".","0.07","0.062",".",".",".","17","6.9",".",".","."
"12003","Baker County, FL",".",".",".",".","0.07","0.059",".",".",".",".",".",".",".","."
"12005","Bay County, FL",".",".",".",".","0.07","0.063",".",".",".",".",".",".",".","."
"12009","Brevard County, FL",".",".",".",".","0.07","0.063",".",".",".","21","5.7","54","14","."
"12011","Broward County, FL","1.8","1.4","42","4","0.08","0.06","3","1","0","16","8","46","16","."
"12017","Citrus County, FL",".",".",".",".",".",".","5","1","0","16","6.7",".",".","."
"12021","Collier County, FL",".",".",".",".","0.07","0.061",".",".",".",".",".",".",".","."
"12023","Columbia County, FL",".",".",".",".","0.07","0.059",".",".",".",".",".",".",".","."
"12031","Duval County, FL","1.6","1.1","38","8","0.08","0.06","24","5","1","17","7.2","47","19","."
"12033","Escambia County, FL",".",".",".",".","0.08","0.066","29","5","0","16","7.4",".",".","."
"12035","Flagler County, FL",".",".",".",".","0.07","0.061",".",".",".",".",".",".",".","."
"12047","Hamilton County, FL",".",".",".",".",".",".","26","6","0",".",".",".",".","."
"12055","Highlands County, FL",".",".",".",".","0.07","0.061",".",".",".",".",".",".",".","."
"12057","Hillsborough County, FL","0.8","0.4","32","5","0.08","0.07","68","15","1","15","7","49","21","0.49"
"12059","Holmes County, FL",".",".",".",".","0.07","0.06",".",".",".",".",".",".",".","."
"12061","Indian River County, FL",".",".",".",".","0.07","0.063",".",".",".",".",".",".",".","."
"12069","Lake County, FL",".",".",".",".","0.08","0.063",".",".",".",".",".",".",".","."
"12071","Lee County, FL",".",".",".",".","0.07","0.066",".",".",".","15","5.9","49","14","."
"12073","Leon County, FL",".",".",".",".","0.08","0.062",".",".",".","23","8.2",".",".","."
"12077","Liberty County, FL",".",".",".",".","0.07","0.057",".",".",".",".",".",".",".","."
"12081","Manatee County, FL",".",".",".",".","0.08","0.067","17","2","1",".",".",".",".","."
"12083","Marion County, FL",".",".",".",".","0.07","0.061",".",".",".",".",".",".",".","."
"12085","Martin County, FL",".",".",".",".",".",".",".",".",".",".",".",".",".","."
"12086","Miami-Dade County, FL","1.5","1","44","8","0.08","0.068","1","0","0","16","6.7","62","24","."
"12089","Nassau County, FL",".",".",".",".",".",".","60","14","1",".",".",".",".","."
"12091","Okaloosa County, FL",".",".",".",".","0.07","0.062",".",".",".",".",".","37","15","."
"12095","Orange County, FL","1.1","1","34","5","0.09","0.064","3","0","0","14","5.8","24","14","."
"12097","Osceola County, FL",".",".",".",".","0.07","0.065",".",".",".",".",".",".",".","."
"12099","Palm Beach County, FL",".",".","38","4","0.07","0.061",".",".",".","12","5.3","61","18","."
"12101","Pasco County, FL",".",".",".",".","0.07","0.068",".",".",".",".",".",".",".","."
"12103","Pinellas County, FL","1.5","0.9","34","5","0.08","0.067","19","3","0","16","6.3","33","20","."
"12105","Polk County, FL",".",".",".",".","0.08","0.064","31","4","1","13","7.4","52","14","."
"12107","Putnam County, FL",".",".",".",".",".",".","27","5","0",".",".","54","16","."
"12111","St. Lucie County, FL",".",".",".",".",".",".",".",".",".",".",".",".",".","."
"12113","Santa Rosa County, FL",".",".",".",".","0.08","0.065",".",".",".",".",".",".",".","."
"12115","Sarasota County, FL",".",".","15","2","0.08","0.071",".",".",".","16","6","46","16","."
"12117","Seminole County, FL",".",".",".",".","0.07","0.061",".",".",".","16","6.2","62","13","."
"12127","Volusia County, FL",".",".",".",".","0.07","0.061",".",".",".","16","6.2","40","14","."
"12129","Wakulla County, FL",".",".",".",".","0.07","0.061",".",".",".",".",".",".",".","."
"13015","Bartow County, GA",".",".",".",".",".",".",".",".",".",".",".",".",".","0.01"
"13021","Bibb County, GA",".",".",".",".","0.08","0.064","11","3","1","21","10",".",".","."
"13051","Chatham County, GA",".",".",".",".","0.08","0.059","93","28","3","18","9",".",".","."
"13055","Chattooga County, GA",".",".",".",".","0.07","0.059",".",".",".",".",".",".",".","."
"13059","Clarke County, GA",".",".",".",".","0.07","0.06",".",".",".","28","9.7",".",".","."
"13063","Clayton County, GA",".",".",".",".",".",".",".",".",".","18","9.7",".",".","."
"13067","Cobb County, GA",".",".",".",".","0.08","0.067",".",".",".","20","9.6",".",".","."
"13069","Coffee County, GA",".",".",".",".",".",".",".",".",".",".",".",".",".","."
"13073","Columbia County, GA",".",".",".",".","0.07","0.061",".",".",".",".",".",".",".","."
"13077","Coweta County, GA",".",".",".",".","0.07","0.053",".",".",".",".",".",".",".","."
"13085","Dawson County, GA",".",".",".",".","0.07","0.063",".",".",".",".",".",".",".","."
"13089","DeKalb County, GA","1.3","1.2","43","9","0.08","0.062","6","2","0","21","11.9","34","18","0"
"13095","Dougherty County, GA",".",".",".",".",".",".",".",".",".","30","11.6",".",".","."
"13097","Douglas County, GA",".",".",".",".","0.08","0.063",".",".",".",".",".",".",".","."
"13115","Floyd County, GA",".",".",".",".",".",".","28","3","1","19","9.4",".",".","."
"13121","Fulton County, GA","1.7","1.2",".",".","0.1","0.069","9","2","1","20","10.4","28","15","."
"13127","Glynn County, GA",".",".",".",".","0.07","0.057",".",".",".","19","8.2",".",".","."
"13135","Gwinnett County, GA",".",".",".",".","0.08","0.069",".",".",".","18","8.9",".",".","."
"13139","Hall County, GA",".",".",".",".",".",".",".",".",".","17","8.5",".",".","."
"13151","Henry County, GA",".",".",".",".","0.09","0.07",".",".",".",".",".",".",".","."
"13153","Houston County, GA",".",".",".",".",".",".",".",".",".","18","8.7",".",".","."
"13185","Lowndes County, GA",".",".",".",".",".",".",".",".",".","19","8.5",".",".","."
"13213","Murray County, GA",".",".",".",".","0.07","0.062",".",".",".",".",".",".",".","."
"13215","Muscogee County, GA",".",".",".",".","0.07","0.06",".",".",".","27","9.9",".",".","0.12"
"13223","Paulding County, GA","0.7","0.6","18","3","0.07","0.062",".",".",".","19","8.5",".",".","."
"13231","Pike County, GA",".",".",".",".","0.07","0.064",".",".",".",".",".",".",".","."
"13245","Richmond County, GA",".",".",".",".","0.08","0.063","63","9","2","18","9.2","28","15","."
"13247","Rockdale County, GA",".",".","20","4","0.09","0.071",".",".",".",".",".",".",".","."
"13261","Sumter County, GA",".",".",".",".","0.07","0.06",".",".",".",".",".",".",".","."
"13295","Walker County, GA",".",".",".",".",".",".",".",".",".","23","10",".",".","."
"13303","Washington County, GA",".",".",".",".",".",".",".",".",".","22","9.4",".",".","."
"13319","Wilkinson County, GA",".",".",".",".",".",".",".",".",".","22","9.8",".",".","."
"15001","Hawaii County, HI",".",".",".",".",".",".","1219","246","30","23","13.3",".",".","."
"15003","Honolulu County, HI","1.5","1.2","23","3","0.06","0.051","9","5","2","13","6.2","39","19","0"
"15007","Kauai County, HI","2.2","1","32","2",".",".","25","10","1","11","3.9",".",".","."
"15009","Maui County, HI",".",".",".",".",".",".",".",".",".","14","7.2",".",".","."
"16001","Ada County, ID","3","1.4","39","17","0.1","0.074","11","7","3",".",".","99","24","0"
"16005","Bannock County, ID",".",".",".",".",".",".","40","19","3","25","9.1","148","22","."
"16017","Bonner County, ID",".",".",".",".",".",".",".",".",".",".",".","87","18","."
"16023","Butte County, ID",".",".",".",".","0.07","0.06",".",".",".",".",".",".",".","."
"16027","Canyon County, ID",".",".",".",".",".",".",".",".",".",".",".","90","24","."
"16029","Caribou County, ID",".",".",".",".",".",".","31","7","1",".",".",".",".","."
"16041","Franklin County, ID",".",".",".",".",".",".",".",".",".","67","10.8",".",".","."
"16059","Lemhi County, ID",".",".",".",".",".",".",".",".",".","42","12.6",".",".","."
"16079","Shoshone County, ID",".",".",".",".",".",".",".",".",".","43","14.7","83","16","."
"17001","Adams County, IL",".",".",".",".","0.07","0.063",".",".",".",".",".",".",".","."
"17019","Champaign County, IL","0.3","0.3",".",".","0.07","0.066","14","3","1",".","0",".",".","."
"17023","Clark County, IL",".",".",".",".","0.07","0.061",".",".",".",".",".",".",".","."
"17031","Cook County, IL","1.1","0.6","64","21","0.09","0.071","73","17","2",".","0","101","39","0.05"
"17043","DuPage County, IL",".",".",".",".","0.08","0.063",".",".",".",".","0",".",".","."
"17049","Effingham County, IL",".",".",".",".","0.07","0.064",".",".",".",".",".",".",".","."
"17065","Hamilton County, IL",".",".",".",".","0.07","0.064",".",".",".",".","0",".",".","."
"17083","Jersey County, IL",".",".",".",".","0.1","0.068",".",".",".",".","0",".",".","."
"17085","Jo Daviess County, IL",".",".",".",".","0.08","0.065",".",".",".",".",".",".",".","."
"17089","Kane County, IL",".",".",".",".","0.08","0.064",".",".",".",".","0",".",".","0.07"
"17097","Lake County, IL",".",".",".",".","0.09","0.072",".",".",".",".",".",".",".","."
"17099","La Salle County, IL",".",".",".",".",".",".","9","2","0",".",".",".",".","."
"17111","McHenry County, IL",".",".",".",".","0.08","0.065",".",".",".",".","0",".",".","."
"17113","McLean County, IL",".",".",".",".","0.08","0.069",".",".",".",".","0",".",".","."
"17115","Macon County, IL",".",".",".",".","0.07","0.064","33","14","2",".","0",".",".","0.05"
"17117","Macoupin County, IL",".",".",".",".","0.08","0.065","7","2","1",".",".",".",".","."
"17119","Madison County, IL",".",".",".",".","0.1","0.075","29","6","1",".","0","59","32","0.06"
"17143","Peoria County, IL",".",".",".",".","0.07","0.066","32","10","1",".","0",".",".","0.01"
"17157","Randolph County, IL",".",".",".",".","0.08","0.065","11","3","1",".","0",".",".","."
"17161","Rock Island County, IL",".",".",".",".","0.07","0.06",".",".",".",".","0",".",".","."
"17163","Saint Clair County, IL","1.5","1","43","11","0.08","0.066","19","4","1",".","0",".",".","."
"17167","Sangamon County, IL",".",".",".",".","0.08","0.062","12","2","0",".","0",".",".","."
"17179","Tazewell County, IL",".",".",".",".",".",".","195","47","3",".",".",".",".","."
"17185","Wabash County, IL",".",".",".",".",".",".","55","18","2",".",".",".",".","."
"17195","Whiteside County, IL",".",".",".",".",".",".",".",".",".",".",".",".",".","0.02"
"17197","Will County, IL",".",".",".",".","0.07","0.061",".",".",".",".","0",".",".","."
"17201","Winnebago County, IL",".",".",".",".","0.07","0.063",".",".",".",".","0",".",".","0.05"
"18003","Allen County, IN","1.9","1.8",".",".","0.07","0.062",".",".",".","24","10",".",".","."
"18005","Bartholomew County, IN",".",".","24","5","0.07","0.066","16","6","2",".",".",".",".","."
"18011","Boone County, IN",".",".",".",".","0.08","0.068",".",".",".",".",".",".",".","."
"18015","Carroll County, IN",".",".",".",".","0.07","0.065",".",".",".",".",".",".",".","."
"18019","Clark County, IN",".",".",".",".","0.08","0.067",".",".",".","23","11.4","33","17","."
"18027","Daviess County, IN",".",".",".",".",".",".","150","24","3",".",".",".",".","."
"18035","Delaware County, IN",".",".",".",".","0.07","0.061",".",".",".","20","9.8",".",".","0.06"
"18037","Dubois County, IN",".",".",".",".",".",".",".",".",".","22","10.9","30","16","."
"18039","Elkhart County, IN",".",".",".",".","0.06","0.055",".",".",".","30","13.1",".",".","."
"18043","Floyd County, IN",".",".",".",".","0.09","0.068","30","9","3","21","10.6",".",".","."
"18045","Fountain County, IN",".",".",".",".",".",".","34","8","2",".",".",".",".","."
"18051","Gibson County, IN",".",".",".",".",".",".","64","12","3",".",".",".",".","."
"18055","Greene County, IN",".",".",".",".","0.07","0.068",".",".",".","22","9.8",".",".","."
"18057","Hamilton County, IN",".",".",".",".","0.07","0.063",".",".",".",".",".",".",".","."
"18059","Hancock County, IN",".",".",".",".","0.07","0.061",".",".",".",".",".",".",".","."
"18063","Hendricks County, IN",".",".",".",".","0.07","0.057",".",".",".",".",".",".",".","."
"18065","Henry County, IN",".",".",".",".",".",".",".",".",".","21","9.4",".",".","."
"18069","Huntington County, IN",".",".",".",".","0.07","0.059",".",".",".",".",".",".",".","."
"18071","Jackson County, IN",".",".",".",".","0.08","0.063",".",".",".",".",".",".",".","."
"18073","Jasper County, IN",".",".",".",".",".",".","40","7","2",".",".",".",".","."
"18081","Johnson County, IN",".",".",".",".","0.07","0.062",".",".",".",".",".",".",".","."
"18083","Knox County, IN",".",".",".",".","0.07","0.064",".",".",".",".",".",".",".","."
"18089","Lake County, IN","2.7","1.4","49","12","0.08","0.064","43","11","4","31","12.4","121","25","0.1"
"18091","LaPorte County, IN",".",".",".",".","0.09","0.069","15","6","1","19","9.3",".",".","."
"18095","Madison County, IN",".",".",".",".","0.07","0.063",".",".",".","23","10.6",".",".","."
"18097","Marion County, IN","3.6","2.2","44","12","0.08","0.069","78","23","3","32","15.9","56","25","0.02"
"18105","Monroe County, IN",".",".",".",".",".",".",".",".",".","20","9.5",".",".","."
"18109","Morgan County, IN",".",".",".",".","0.07","0.065","64","15","2",".",".",".",".","."
"18123","Perry County, IN",".",".",".",".","0.08","0.064",".",".",".",".",".",".",".","."
"18125","Pike County, IN",".",".",".",".",".",".","169","49","4",".",".",".",".","."
"18127","Porter County, IN",".",".",".",".","0.09","0.069","36","14","2","22","10.6","116","19","0.08"
"18129","Posey County, IN",".",".",".",".","0.08","0.065",".",".",".",".",".",".",".","."
"18141","St. Joseph County, IN",".",".","38","8","0.08","0.065",".",".",".","43","12.9",".",".","."
"18145","Shelby County, IN",".",".",".",".","0.08","0.066",".",".",".",".",".",".",".","."
"18147","Spencer County, IN",".",".",".",".",".",".",".",".",".","21","10.2",".",".","."
"18157","Tippecanoe County, IN",".",".",".",".",".",".",".",".",".","27","13.7",".",".","."
"18163","Vanderburgh County, IN","7","4.8","35","8","0.08","0.068","19","5","1","25","11.1","27","14","."
"18167","Vigo County, IN",".",".",".",".","0.07","0.066","103","27","4","23","10.7","32","17","."
"18169","Wabash County, IN",".",".",".",".","0.08","0.068",".",".",".",".",".",".",".","."
"18173","Warrick County, IN",".",".",".",".","0.08","0.066",".",".",".",".",".",".",".","."
"18177","Wayne County, IN",".",".",".",".",".",".","14","9","3",".",".",".",".","."
"18183","Whitley County, IN",".",".","19","3",".",".","6","2","0","26","11.5",".",".","."
"19013","Black Hawk County, IA",".",".",".",".",".",".",".",".",".","18","9.3","58","21","."
"19017","Bremer County, IA",".",".",".",".","0.07","0.06",".",".",".",".",".",".",".","."
"19033","Cerro Gordo County, IA",".",".",".",".",".",".",".",".",".",".",".","52","21","."
"19045","Clinton County, IA",".",".",".",".","0.07","0.062","35","12","1","26","10.7",".",".","."
"19055","Delaware County, IA",".",".",".",".",".",".",".",".",".","21","8.9","37","15","."
"19085","Harrison County, IA",".",".",".",".","0.07","0.066",".",".",".",".",".",".",".","."
"19103","Johnson County, IA",".",".",".",".",".",".",".",".",".","21","9","42","19","."
"19111","Lee County, IA",".",".",".",".",".",".",".",".",".","25","10.7",".",".","."
"19113","Linn County, IA","2.7","1.2",".",".","0.07","0.06","25","5","1","24","9.8","55","22","."
"19137","Montgomery County, IA",".",".",".",".","0.07","0.06",".",".",".","21","8.3","40","17","."
"19139","Muscatine County, IA",".",".",".",".",".",".","179","63","4","40","11.1","47","20","."
"19147","Palo Alto County, IA",".",".",".",".","0.07","0.066",".",".",".","21","8","41","17","."
"19153","Polk County, IA","1.8","1.3","37","9","0.07","0.059","1","0","0","22","9.3","45","20","."
"19155","Pottawattamie County, IA",".",".",".",".",".",".",".",".",".","22","9.9","60","24","0.13"
"19163","Scott County, IA","1.2","0.7","39","7","0.08","0.06","15","4","1","26","10.4","154","50","."
"19169","Story County, IA",".",".",".",".","0.07","0.062",".",".",".",".",".",".",".","."
"19177","Van Buren County, IA",".",".","10","2","0.07","0.063","3","1","0","18","8.2","37","15","."
"19181","Warren County, IA",".",".",".",".","0.07","0.059",".",".",".",".",".",".",".","."
"19193","Woodbury County, IA",".",".",".",".",".",".","16","3","0","22","9.3","44","18","."
"20057","Ford County, KS",".",".",".",".",".",".",".",".",".",".",".","30","8","."
"20091","Johnson County, KS",".",".",".",".","0.07","0.064",".",".",".","18","8",".",".","."
"20103","Leavenworth County, KS",".",".",".",".","0.09","0.066",".",".",".",".",".",".",".","."
"20107","Linn County, KS",".",".","10","2","0.07","0.062","6","2","0","18","8.3",".",".","."
"20133","Neosho County, KS",".",".",".",".",".",".",".",".",".",".",".","57","18","."
"20161","Riley County, KS",".",".",".",".","0.07","0.058",".",".",".",".",".",".",".","."
"20169","Saline County, KS",".",".",".",".",".",".",".",".",".",".",".",".",".","0.23"
"20173","Sedgwick County, KS","1.9","1.3","40","9","0.08","0.071",".",".",".","23","9.5","84","23","."
"20177","Shawnee County, KS",".",".",".",".","0.07","0.066",".",".",".","20","8.4","54","16","."
"20181","Sherman County, KS",".",".",".",".",".",".",".",".",".",".",".","136","28","."
"20191","Sumner County, KS",".",".","24","4","0.08","0.071","6","5","1","18","8.1",".",".","."
"20195","Trego County, KS",".",".",".",".","0.08","0.067","3","3","1",".",".",".",".","."
"20209","Wyandotte County, KS","2.2","1.7","47","12","0.08","0.066","45","10","2","19","9","57","25","0.01"
"21013","Bell County, KY",".",".",".",".","0.07","0.059",".",".",".","17","9.1",".",".","."
"21015","Boone County, KY",".",".",".",".","0.07","0.059",".",".",".",".",".",".",".","."
"21019","Boyd County, KY",".",".","30","6","0.08","0.065","16","5","1","20","9.1","74","23","0"
"21029","Bullitt County, KY",".",".",".",".","0.08","0.064",".",".",".",".",".",".",".","."
"21037","Campbell County, KY",".",".","33","5","0.08","0.072","71","21","1","22","9.6",".",".","."
"21043","Carter County, KY",".",".",".",".","0.07","0.062",".",".",".","14","7.5","17","11","."
"21047","Christian County, KY",".",".",".",".","0.08","0.062","11","3","0","22","9.8",".",".","."
"21059","Daviess County, KY",".",".","31","5","0.07","0.066","45","10","1","22","10.2",".",".","."
"21061","Edmonson County, KY","0.2","0.3",".",".","0.07","0.063","11","3","1",".",".",".",".","."
"21067","Fayette County, KY",".",".","44","7","0.07","0.06","12","3","0","20","9.4","25","16","."
"21089","Greenup County, KY",".",".",".",".","0.07","0.06","12","5","2",".",".",".",".","."
"21091","Hancock County, KY",".",".",".",".","0.08","0.063",".",".",".",".",".",".",".","."
"21093","Hardin County, KY",".",".",".",".","0.07","0.062",".",".",".","24","10.8",".",".","."
"21101","Henderson County, KY",".",".",".",".","0.08","0.066","28","9","1","22","10.6","25","14","."
"21111","Jefferson County, KY","1.9","1.4","43","14","0.08","0.064","93","10","3","24","12.5","36","17","0"
"21113","Jessamine County, KY",".",".",".",".","0.07","0.061","18","3","0",".",".",".",".","."
"21139","Livingston County, KY",".",".",".",".","0.08","0.065",".",".",".",".",".",".",".","."
"21145","McCracken County, KY",".",".","34","6","0.08","0.064","18","3","0","23","10.9","32","19","."
"21151","Madison County, KY",".",".",".",".",".",".",".",".",".","17","8.2",".",".","0.08"
"21157","Marshall County, KY",".",".",".",".",".",".",".",".",".",".",".","23","13","."
"21175","Morgan County, KY",".",".",".",".","0.06","0.058",".",".",".",".",".",".",".","."
"21185","Oldham County, KY",".",".",".",".","0.08","0.064",".",".",".",".",".",".",".","."
"21193","Perry County, KY",".",".",".",".","0.06","0.058",".",".",".","12","5.9",".",".","."
"21195","Pike County, KY",".",".",".",".","0.06","0.055",".",".",".","16","8.2",".",".","."
"21199","Pulaski County, KY",".",".",".",".","0.07","0.061",".",".",".","18","8.8",".",".","."
"21207","Russell County, KY",".",".",".",".",".",".",".",".",".",".",".",".",".","0.03"
"21213","Simpson County, KY",".",".",".",".","0.07","0.059",".",".",".",".",".",".",".","."
"21221","Trigg County, KY",".",".",".",".","0.07","0.064",".",".",".",".",".",".",".","."
"21227","Warren County, KY",".",".",".",".","0.07","0.06",".",".",".","19","9.8",".",".","."
"21229","Washington County, KY",".",".",".",".","0.07","0.064",".",".",".",".",".",".",".","."
"22005","Ascension Parish, LA",".",".","40","9","0.08","0.062",".",".",".",".",".",".",".","."
"22015","Bossier Parish, LA",".",".",".",".","0.08","0.067","12","4","1",".",".","68","19","."
"22017","Caddo Parish, LA",".",".",".",".","0.08","0.069",".",".",".","42","11.6",".",".","."
"22019","Calcasieu Parish, LA",".",".","30","5","0.09","0.067","31","9","2","17","7.9",".",".","."
"22033","East Baton Rouge Parish, LA","2.1","1.8","48","10","0.1","0.067","21","6","1","25","9.9","68","23","."
"22047","Iberville Parish, LA",".",".","36","8","0.1","0.068",".",".",".","21","8.8",".",".","."
"22051","Jefferson Parish, LA",".",".","46","6","0.09","0.066",".",".",".","18","7.9",".",".","."
"22055","Lafayette Parish, LA",".",".",".",".","0.08","0.066",".",".",".","18","7.9","74","22","."
"22057","Lafourche Parish, LA",".",".",".",".","0.08","0.065",".",".",".",".",".",".",".","."
"22063","Livingston Parish, LA",".",".","16","3","0.09","0.069",".",".",".",".",".",".",".","."
"22071","Orleans Parish, LA",".",".",".",".","0.08","0.064",".",".",".",".",".","52","20","."
"22073","Ouachita Parish, LA",".",".",".",".","0.07","0.062",".",".",".","21","8.1",".",".","."
"22077","Pointe Coupee Parish, LA",".",".",".",".","0.08","0.066",".",".",".",".",".",".",".","."
"22079","Rapides Parish, LA",".",".",".",".",".",".",".",".",".","16","7.3",".",".","."
"22087","St. Bernard Parish, LA",".",".",".",".","0.08","0.063","181","74","4","15","7.8","52","17","."
"22089","St. Charles Parish, LA",".",".",".",".","0.08","0.062",".",".",".",".",".",".",".","."
"22093","St. James Parish, LA",".",".",".",".","0.08","0.062",".",".",".",".",".",".",".","."
"22095","St. John the Baptist Parish, LA",".",".",".",".","0.08","0.064",".",".",".",".",".",".",".","."
"22103","St. Tammany Parish, LA",".",".",".",".","0.09","0.071",".",".",".",".",".",".",".","."
"22105","Tangipahoa Parish, LA",".",".",".",".",".",".",".",".",".","16","7.6",".",".","."
"22109","Terrebonne Parish, LA",".",".",".",".",".",".",".",".",".","15","7.2",".",".","."
"22121","West Baton Rouge Parish, LA",".",".","40","9","0.08","0.06","27","7","2","19","8.8",".",".","."
"23001","Androscoggin County, ME",".",".",".",".","0.07","0.059",".",".",".","30","6.9","34","16","."
"23003","Aroostook County, ME","0.6","0.4","19","2","0.06","0.053","3","2","0",".",".","86","16","."
"23005","Cumberland County, ME","2.1","1.4","46","8","0.1","0.072","12","5","1","23","9.8","63","22","."
"23009","Hancock County, ME","0.3","0.3",".",".","0.09","0.069","2","1","0","13","6.4","19","6","."
"23011","Kennebec County, ME",".",".","31","4","0.08","0.065","14","7","1",".",".","34","13","."
"23013","Knox County, ME",".",".",".",".","0.09","0.076",".",".",".",".",".",".",".","."
"23017","Oxford County, ME",".",".",".",".","0.07","0.056",".",".",".","4","3.2",".",".","."
"23019","Penobscot County, ME",".",".",".",".","0.08","0.064",".",".",".","19","6.1","31","15","."
"23023","Sagadahoc County, ME",".",".",".",".","0.08","0.061",".",".",".",".",".",".",".","."
"23029","Washington County, ME",".",".",".",".","0.07","0.062",".",".",".",".",".",".",".","."
"23031","York County, ME",".",".",".",".","0.1","0.076",".",".",".",".",".",".",".","."
"24003","Anne Arundel County, MD",".",".",".",".","0.08","0.071",".",".",".","22","9.1","27","14","."
"24005","Baltimore County, MD","2.2","1.4","43","11","0.09","0.068","21","4","1","27","9.5",".",".","."
"24009","Calvert County, MD",".",".",".",".","0.08","0.067",".",".",".",".",".",".",".","."
"24013","Carroll County, MD",".",".",".",".","0.08","0.068",".",".",".",".",".",".",".","."
"24015","Cecil County, MD",".",".",".",".","0.1","0.072",".",".",".","25","9.9",".",".","."
"24017","Charles County, MD",".",".",".",".","0.07","0.066",".",".",".",".",".",".",".","."
"24019","Dorchester County, MD","0.4","0.3",".",".","0.08","0.068","5","3","1","18","7.2",".",".","."
"24021","Frederick County, MD",".",".",".",".","0.08","0.069",".",".",".",".",".",".",".","."
"24023","Garrett County, MD","0.4","0.3",".",".","0.07","0.064","22","5","1","18","8.3",".",".","."
"24025","Harford County, MD",".",".",".",".","0.1","0.072",".",".",".","27","9.6",".",".","."
"24029","Kent County, MD",".",".",".",".","0.08","0.067",".",".",".","22","8.9",".",".","."
"24031","Montgomery County, MD",".",".",".",".","0.08","0.069",".",".",".","21","8.1",".",".","."
"24033","Prince George's County, MD","0.9","0.9","37","8","0.09","0.072","12","3","1","22","9.5","25","12","0"
"24043","Washington County, MD",".",".",".",".","0.08","0.067",".",".",".","25","9.2",".",".","."
"24510","Baltimore (City), MD","2","1.3","47","15","0.08","0.063",".",".",".","30","11.3","31","15","."
"25001","Barnstable County, MA",".",".",".",".","0.08","0.071",".",".",".",".",".",".",".","."
"25003","Berkshire County, MA",".",".",".",".","0.08","0.063",".",".",".","16","7.4",".",".","."
"25005","Bristol County, MA",".",".",".",".","0.1","0.078","62","12","2","15","6.9",".",".","."
"25007","Dukes County, MA",".",".",".",".","0.08","0.065",".",".",".",".",".",".",".","."
"25009","Essex County, MA","0.7","0.6","39","7","0.09","0.073",".",".",".","16","6.7",".",".","."
"25013","Hampden County, MA","1.5","1.3","45","14","0.11","0.071","11","6","1","19","7.9","29","14","0"
"25015","Hampshire County, MA",".",".","28","3","0.09","0.069","6","3","1",".",".","21","8","."
"25017","Middlesex County, MA",".",".",".",".","0.08","0.067",".",".",".",".",".",".",".","."
"25019","Nantucket County, MA",".",".",".",".",".",".",".",".",".",".",".",".",".","0.01"
"25021","Norfolk County, MA",".",".","27","4","0.09","0.071",".",".",".",".",".",".",".","."
"25023","Plymouth County, MA",".",".",".",".",".",".",".",".",".","17","6.6",".",".","."
"25025","Suffolk County, MA","1.8","1.2","50","18","0.09","0.071","14","7","2","20","8.8","50","19","0"
"25027","Worcester County, MA","1.9","1.3","48","12","0.09","0.07","8","7","3","18","7.2","47","18","."
"26005","Allegan County, MI",".",".",".",".","0.1","0.078",".",".",".","18","7.8",".",".","."
"26017","Bay County, MI",".",".",".",".",".",".",".",".",".","16","7.5",".",".","."
"26019","Benzie County, MI",".",".",".",".","0.08","0.069",".",".",".",".",".",".",".","."
"26021","Berrien County, MI",".",".",".",".","0.09","0.074",".",".",".","17","8",".",".","."
"26027","Cass County, MI",".",".",".",".","0.08","0.071",".",".",".",".",".",".",".","."
"26033","Chippewa County, MI",".",".",".",".","0.07","0.061",".",".",".","16","6.6",".",".","."
"26037","Clinton County, MI",".",".",".",".","0.07","0.064",".",".",".",".",".",".",".","."
"26049","Genesee County, MI",".",".",".",".","0.08","0.067",".",".",".","17","7.4",".",".","."
"26063","Huron County, MI",".",".",".",".","0.09","0.064",".",".",".",".",".",".",".","."
"26065","Ingham County, MI",".",".","37","7","0.08","0.066","19","5","1","17","7.6",".",".","."
"26067","Ionia County, MI",".",".",".",".",".",".",".",".",".",".",".",".",".","0.06"
"26077","Kalamazoo County, MI",".",".",".",".","0.08","0.068",".",".",".","18","8.8",".",".","."
"26081","Kent County, MI","1.8","1",".",".","0.09","0.068","9","3","1","19","9","29","14","0.01"
"26091","Lenawee County, MI",".",".",".",".","0.08","0.064",".",".",".","17","7.9",".",".","."
"26099","Macomb County, MI",".",".",".",".","0.1","0.072",".",".",".","18","8",".",".","."
"26101","Manistee County, MI",".",".",".",".","0.08","0.069",".",".",".","18","6.5",".",".","."
"26105","Mason County, MI",".",".",".",".","0.08","0.068",".",".",".",".",".",".",".","."
"26113","Missaukee County, MI",".",".","8","1","0.07","0.065",".",".",".","17","5.5",".",".","."
"26115","Monroe County, MI",".",".",".",".",".",".","18","5","1","20","9.7",".",".","."
"26121","Muskegon County, MI",".",".",".",".","0.09","0.073",".",".",".","18","9.9",".",".","."
"26125","Oakland County, MI",".",".",".",".","0.08","0.067",".",".",".","19","8.4",".",".","."
"26139","Ottawa County, MI",".",".",".",".","0.09","0.07","14","3","0","18","8.1",".",".","."
"26147","St. Clair County, MI",".",".",".",".","0.09","0.071","72","17","3","19","8.4",".",".","0.04"
"26153","Schoolcraft County, MI",".",".",".",".","0.08","0.067",".",".",".",".",".",".",".","."
"26157","Tuscola County, MI",".",".",".",".","0.07","0.063",".",".",".",".",".","47","14","0.01"
"26161","Washtenaw County, MI",".",".",".",".","0.08","0.066",".",".",".","19","9.2",".",".","."
"26163","Wayne County, MI","4.8","1.6","48","18","0.08","0.067","66","24","3","25","11","81","26","0.01"
"26165","Wexford County, MI",".",".",".",".","0.08","0.066",".",".",".",".",".",".",".","."
"27003","Anoka County, MN",".",".","43","7","0.08","0.067",".",".",".","22","8.5","49","17","0.02"
"27005","Becker County, MN",".",".",".",".","0.07","0.063",".",".",".","17","6.2",".",".","."
"27017","Carlton County, MN",".",".",".",".","0.07","0.059",".",".",".",".",".",".",".","."
"27035","Crow Wing County, MN",".",".",".",".","0.07","0.06",".",".",".","15","4",".",".","."
"27037","Dakota County, MN","3.3","2.5","38","9",".",".","10","4","1","21","8.8",".",".","0.11"
"27049","Goodhue County, MN",".",".",".",".","0.07","0.062",".",".",".",".",".",".",".","."
"27053","Hennepin County, MN","1.6","0.9","45","13","0.07","0.063","15","15","1","23","9.1","36","19","0.01"
"27075","Lake County, MN",".",".","6","0","0.06","0.058","4","1","0","14","4.5","81","20","."
"27083","Lyon County, MN",".",".",".",".","0.07","0.066",".",".",".","21","7.3",".",".","."
"27095","Mille Lacs County, MN",".",".",".",".","0.07","0.06",".",".",".",".",".",".",".","."
"27109","Olmsted County, MN",".",".",".",".","0.07","0.064",".",".",".","21","8.7",".",".","."
"27123","Ramsey County, MN","2.4","1.1",".",".",".",".",".",".",".","23","10.2","58","27","0.01"
"27137","Saint Louis County, MN","4.6","1.4",".",".","0.07","0.057",".",".",".","19","7.7","59","24","0"
"27139","Scott County, MN",".",".",".",".","0.07","0.067",".",".",".","20","8.6",".",".","."
"27145","Stearns County, MN",".",".",".",".","0.07","0.061",".",".",".","22","6.4",".",".","0"
"27163","Washington County, MN",".",".",".",".","0.07","0.061","14","3","1","23","9.1","70","23","0"
"27171","Wright County, MN",".",".",".",".","0.07","0.061",".",".",".","20","7.4",".",".","."
"28011","Bolivar County, MS",".",".",".",".","0.08","0.065",".",".",".",".",".",".",".","."
"28033","DeSoto County, MS",".",".",".",".","0.08","0.065",".",".",".",".",".",".",".","."
"28045","Hancock County, MS",".",".",".",".","0.07","0.063",".",".",".",".",".",".",".","."
"28047","Harrison County, MS",".",".",".",".","0.07","0.062",".",".",".",".",".",".",".","."
"28049","Hinds County, MS","1.9","1.5",".",".","0.08","0.06","31","4","1",".",".","32","20","0"
"28059","Jackson County, MS",".",".","33","4","0.08","0.064","27","4","1",".",".",".",".","."
"28075","Lauderdale County, MS",".",".",".",".","0.07","0.061",".",".",".",".",".",".",".","."
"28081","Lee County, MS",".",".",".",".","0.07","0.061",".",".",".",".",".",".",".","."
"28161","Yalobusha County, MS",".",".",".",".","0.07","0.057",".",".",".",".",".",".",".","."
"29003","Andrew County, MO",".",".",".",".","0.08","0.066",".",".",".",".",".",".",".","."
"29019","Boone County, MO",".",".",".",".","0.08","0.062",".",".",".",".",".",".",".","."
"29021","Buchanan County, MO",".",".",".",".",".",".",".",".",".","24","11.2","76","29","."
"29027","Callaway County, MO",".",".",".",".","0.07","0.061",".",".",".",".",".",".",".","."
"29037","Cass County, MO",".",".",".",".","0.07","0.064",".",".",".","19","9.2",".",".","."
"29039","Cedar County, MO",".",".",".",".","0.07","0.064",".",".",".","19","8.5",".",".","."
"29047","Clay County, MO",".",".",".",".","0.09","0.071",".",".",".","19","8.8",".",".","."
"29049","Clinton County, MO",".",".",".",".","0.08","0.071",".",".",".",".",".",".",".","."
"29077","Greene County, MO",".",".",".",".","0.08","0.064","31","9","2","19","8.3","42","15","."
"29087","Holt County, MO",".",".",".",".",".",".",".",".",".",".",".",".",".","0.73"
"29093","Iron County, MO",".",".",".",".",".",".","85","16","3",".",".",".",".","0.35"
"29095","Jackson County, MO","1.5","1","48","14",".",".","156","51","6","23","10.5","95","30","."
"29097","Jasper County, MO",".",".",".",".","0.08","0.069",".",".",".",".",".","110","24","."
"29099","Jefferson County, MO",".",".",".",".","0.09","0.069","143","39","7","24","9.7",".",".","0.66"
"29113","Lincoln County, MO",".",".",".",".","0.09","0.072",".",".",".",".",".",".",".","."
"29137","Monroe County, MO",".",".",".",".","0.07","0.061","8","3","2",".",".","37","13","."
"29157","Perry County, MO",".",".",".",".","0.07","0.065",".",".",".",".",".",".",".","."
"29179","Reynolds County, MO",".",".",".",".",".",".",".",".",".",".",".",".",".","0.09"
"29183","Saint Charles County, MO",".",".",".",".","0.09","0.071",".",".",".",".",".",".",".","."
"29186","Sainte Genevieve County, MO",".",".",".",".","0.08","0.065",".",".",".",".",".",".",".","."
"29187","Saint Francois County, MO",".",".",".",".",".",".",".",".",".",".",".",".",".","0.08"
"29189","Saint Louis County, MO",".",".",".",".","0.09","0.07",".",".",".","23","11.3","40","15","."
"29213","Taney County, MO",".",".",".",".","0.07","0.063",".",".",".",".",".",".",".","."
"29510","St. Louis City, MO","1.7","1","51","14","0.09","0.066","42","11","2","24","11.3","84","32","0.03"
"30027","Fergus County, MT",".",".","14","1","0.06","0.054",".",".",".","11","3.6","37","8","."
"30029","Flathead County, MT",".",".",".",".","0.06","0.054",".",".",".","29","8.5","77","22","."
"30031","Gallatin County, MT","6.1","1.1","33","2",".",".",".",".",".",".",".",".",".","."
"30049","Lewis and Clark County, MT","0.4","0.3",".",".","0.06","0.054","2","1","0","24","7.4",".",".","."
"30053","Lincoln County, MT",".",".",".",".",".",".",".",".",".","30","10.9","71","18","."
"30063","Missoula County, MT",".",".",".",".","0.09","0.057",".",".",".","31","9.8","58","15","."
"30071","Phillips County, MT",".",".","6","0","0.06","0.053",".",".",".","9","3.6","24","7","."
"30075","Powder River County, MT",".",".","9","1","0.06","0.056",".",".",".","15","5","92","24","."
"30081","Ravalli County, MT",".",".",".",".",".",".",".",".",".","36","9.5",".",".","."
"30083","Richland County, MT",".",".","13","1","0.06","0.056","3","1","0","17","7.1","163","21","."
"30087","Rosebud County, MT",".",".","50","2","0.06","0.056","17","5","1","11","4","119","24","."
"30089","Sanders County, MT",".",".",".",".",".",".",".",".",".",".",".","32","14","."
"30093","Silver Bow County, MT",".",".",".",".",".",".",".",".",".","58","10.4","77","22","."
"30111","Yellowstone County, MT",".",".",".",".",".",".","48","18","3",".",".",".",".","."
"31025","Cass County, NE",".",".",".",".",".",".",".",".",".",".",".","91","28","."
"31047","Dawson County, NE",".",".",".",".",".",".",".",".",".",".",".","81","27","."
"31053","Dodge County, NE",".",".",".",".",".",".",".",".",".",".",".",".",".","0.11"
"31055","Douglas County, NE","2.4","1.9",".",".","0.08","0.066","56","19","2","22","9.2","89","32","0.01"
"31079","Hall County, NE",".",".",".",".",".",".",".",".",".","21","7.6",".",".","."
"31107","Knox County, NE",".",".",".",".","0.07","0.067",".",".",".",".",".",".",".","."
"31109","Lancaster County, NE",".",".",".",".","0.06","0.055",".",".",".","20","8.1",".",".","."
"31127","Nemaha County, NE",".",".",".",".",".",".",".",".",".",".",".",".",".","0.03"
"31153","Sarpy County, NE",".",".",".",".",".",".",".",".",".","24","11",".",".","."
"31157","Scotts Bluff County, NE",".",".",".",".",".",".",".",".",".","12","5.1",".",".","."
"31177","Washington County, NE",".",".",".",".",".",".",".",".",".","21","8.2",".",".","."
"32001","Churchill County, NV",".",".",".",".","0.07","0.064",".",".",".",".",".",".",".","."
"32003","Clark County, NV","4","2.9","54","14","0.1","0.082","7","4","2","26","10.8","169","29","0.01"
"32005","Douglas County, NV",".",".",".",".",".",".",".",".",".","171","16.5",".",".","."
"32007","Elko County, NV",".",".",".",".",".",".",".",".",".",".",".","109","24","."
"32019","Lyon County, NV",".",".",".",".","0.08","0.064",".",".",".",".",".",".",".","."
"32021","Mineral County, NV",".",".",".",".",".",".",".",".",".",".",".","21","7","."
"32023","Nye County, NV",".",".",".",".",".",".",".",".",".",".",".","153","23","."
"32031","Washoe County, NV","2.8","2.4","56","16","0.08","0.069","6","4","1","41","12.3","999","104","."
"32033","White Pine County, NV",".",".",".",".","0.08","0.074",".",".",".",".",".",".",".","."
"32510","Carson City, NV",".",".",".",".","0.08","0.065",".",".",".","98","12.1",".",".","."
"33001","Belknap County, NH",".",".",".",".","0.07","0.06",".",".",".","12","5.2",".",".","."
"33005","Cheshire County, NH","1.4","1.1",".",".","0.07","0.063","26","9","3","28","8.3",".",".","."
"33007","Coos County, NH",".",".",".",".","0.08","0.067",".",".",".",".",".",".",".","."
"33009","Grafton County, NH",".",".",".",".","0.07","0.061",".",".",".","17","6.5",".",".","."
"33011","Hillsborough County, NH","0.4","0.3","9","2","0.08","0.068","5","3","1","15","7.5","18","5","."
"33013","Merrimack County, NH",".",".",".",".","0.07","0.065","17","6","1","27","7.5",".",".","."
"33015","Rockingham County, NH","0.7","0.6",".",".","0.09","0.069","31","6","1","23","9","27","16","0"
"34001","Atlantic County, NJ",".",".",".",".","0.08","0.07","7","2","0","22","8.6",".",".","."
"34003","Bergen County, NJ",".",".",".",".","0.09","0.074",".",".",".","26","8.8",".",".","."
"34007","Camden County, NJ","1.8","1.2","46","12","0.08","0.068","9","4","0","29","10.5","47","24","."
"34011","Cumberland County, NJ",".",".",".",".","0.08","0.061",".",".",".",".",".",".",".","."
"34013","Essex County, NJ","3.1","1.9","62","18","0.08","0.067","8","4","1","22","8.7",".",".","0"
"34015","Gloucester County, NJ",".",".",".",".","0.08","0.073",".",".",".","25","9.1",".",".","."
"34017","Hudson County, NJ","2.7","1.8","52","16","0.08","0.066","10","5","1","29","10.5","43","19","."
"34019","Hunterdon County, NJ",".",".",".",".","0.09","0.073",".",".",".",".",".",".",".","."
"34021","Mercer County, NJ",".",".",".",".","0.09","0.07",".",".",".","24","9.1",".",".","."
"34023","Middlesex County, NJ",".",".","40","9","0.09","0.07",".",".",".","19","8",".",".","."
"34025","Monmouth County, NJ",".",".",".",".","0.1","0.071",".",".",".",".",".",".",".","."
"34027","Morris County, NJ",".",".","35","4","0.09","0.073","6","3","1","22","8.5",".",".","."
"34029","Ocean County, NJ",".",".",".",".","0.09","0.07",".",".",".","19","8.1",".",".","."
"34031","Passaic County, NJ",".",".",".",".","0.09","0.069",".",".",".","25","8.8",".",".","."
"34039","Union County, NJ","2.4","1.7","62","22",".",".","14","6","1","31","10.9",".",".","."
"34041","Warren County, NJ",".",".","43","13","0.09","0.061","81","14","1","22","8.5",".",".","."
"35001","Bernalillo County, NM","2.4","1.1","45","12","0.08","0.07","4","2","1","20","8.7","155","35","0.01"
"35013","Dona Ana County, NM",".",".","41","7","0.09","0.08",".",".",".","16","6.6","515","53","."
"35015","Eddy County, NM",".",".","17","2","0.08","0.069",".",".",".",".",".",".",".","."
"35017","Grant County, NM",".",".",".",".","0.06","0.058","1","0","0",".",".","44","14","."
"35025","Lea County, NM",".",".","30","4","0.08","0.068",".",".",".","27","7.9","47","19","."
"35029","Luna County, NM",".",".","29","4","0.07","0.067",".",".",".",".",".","493","35","."
"35031","McKinley County, NM",".",".",".",".",".",".",".",".",".",".",".","54","20","."
"35039","Rio Arriba County, NM",".",".",".",".","0.08","0.066",".",".",".",".",".",".",".","."
"35043","Sandoval County, NM",".",".",".",".","0.07","0.067",".",".",".",".",".","22","9","."
"35045","San Juan County, NM",".",".","41","12","0.08","0.07","25","3","1","16","5.3","48","19","."
"35049","Santa Fe County, NM",".",".",".",".","0.07","0.068",".",".",".","12","5","25","10","."
"35055","Taos County, NM",".",".",".",".",".",".",".",".",".",".",".","52","15","."
"35061","Valencia County, NM",".",".",".",".","0.08","0.072",".",".",".",".",".",".",".","."
"36001","Albany County, NY","1","0.8",".",".","0.07","0.064","9","4","2","20","7.1",".",".","."
"36005","Bronx County, NY","2","1.3","60","21","0.09","0.071","22","10","2","26","9.1",".",".","."
"36013","Chautauqua County, NY",".",".",".",".","0.08","0.066","15","4","1","18","7.5",".",".","."
"36027","Dutchess County, NY",".",".",".",".","0.08","0.065","5","4","2",".",".",".",".","."
"36029","Erie County, NY","1.9","1.3","47","10","0.08","0.071","20","9","3","20","8",".",".","."
"36031","Essex County, NY",".",".",".",".","0.08","0.063","3","2","0","12","4.4",".",".","."
"36033","Franklin County, NY",".",".","29","4","0.07","0.056","11","4","1",".",".",".",".","."
"36041","Hamilton County, NY",".",".",".",".","0.07","0.063","3","1","0",".",".",".",".","."
"36043","Herkimer County, NY",".",".",".",".","0.07","0.061","3","2","1",".",".",".",".","."
"36045","Jefferson County, NY",".",".",".",".","0.08","0.066",".",".",".",".",".",".",".","."
"36047","Kings County, NY",".",".",".",".",".",".",".",".",".","24","9.3",".",".","."
"36055","Monroe County, NY","1.1","0.8",".",".","0.07","0.064","17","5","1","18","7.2",".",".","."
"36059","Nassau County, NY",".",".",".",".",".",".","6","3","1",".",".",".",".","."
"36061","New York County, NY","1.8","1.2",".",".","0.08","0.062",".",".",".","26","11.3",".",".","."
"36063","Niagara County, NY",".",".",".",".","0.07","0.065",".",".",".","19","6.5",".",".","."
"36067","Onondaga County, NY",".",".",".",".","0.07","0.065","5","3","1","16","6.4",".",".","."
"36071","Orange County, NY",".",".",".",".","0.07","0.057",".",".",".","20","7.1",".",".","0.11"
"36075","Oswego County, NY",".",".",".",".","0.07","0.063",".",".",".",".",".",".",".","."
"36079","Putnam County, NY",".",".",".",".","0.09","0.067","6","2","1",".",".",".",".","."
"36081","Queens County, NY","1.8","1","59","18","0.09","0.071","12","6","1","25","8.4",".",".","."
"36085","Richmond County, NY",".",".",".",".","0.09","0.071",".",".",".","18","7.7",".",".","."
"36087","Rockland County, NY",".",".",".",".","0.09","0.069",".",".",".",".",".",".",".","."
"36091","Saratoga County, NY",".",".",".",".","0.07","0.062",".",".",".",".",".",".",".","."
"36101","Steuben County, NY","0.4","0.4",".",".","0.07","0.061","8","4","0","15","5.7",".",".","."
"36103","Suffolk County, NY",".",".",".",".","0.12","0.078","9","5","1","21","7.6",".",".","0.01"
"36109","Tompkins County, NY",".",".",".",".","0.07","0.065",".",".",".",".",".",".",".","."
"36117","Wayne County, NY",".",".",".",".","0.07","0.066",".",".",".",".",".",".",".","."
"36119","Westchester County, NY",".",".",".",".","0.09","0.072",".",".",".",".",".",".",".","."
"37001","Alamance County, NC",".",".",".",".",".",".",".",".",".","21","8.6",".",".","."
"37003","Alexander County, NC",".",".",".",".","0.07","0.063",".",".",".",".",".",".",".","."
"37011","Avery County, NC",".",".",".",".","0.07","0.064",".",".",".",".",".",".",".","."
"37013","Beaufort County, NC",".",".",".",".",".",".","22","6","1",".",".",".",".","."
"37021","Buncombe County, NC",".",".",".",".","0.07","0.061",".",".",".","16","8.2",".",".","."
"37027","Caldwell County, NC",".",".",".",".","0.07","0.062","9","2","1",".",".",".",".","."
"37031","Carteret County, NC",".",".",".",".","0.07","0.062",".",".",".",".",".",".",".","."
"37033","Caswell County, NC",".",".",".",".","0.08","0.062",".",".",".","22","9.9","27","13","."
"37035","Catawba County, NC",".",".",".",".",".",".",".",".",".","21","9.6","29","17","."
"37037","Chatham County, NC",".",".",".",".","0.07","0.057",".",".",".","17","7.2",".",".","."
"37051","Cumberland County, NC",".",".",".",".","0.08","0.062","1","0","0","19","8.8","27","17","."
"37057","Davidson County, NC",".",".",".",".",".",".",".",".",".","19","9.3",".",".","."
"37059","Davie County, NC",".",".",".",".","0.07","0.061",".",".",".",".",".",".",".","."
"37061","Duplin County, NC",".",".",".",".",".",".",".",".",".","21","9.7","21","13","."
"37063","Durham County, NC",".",".",".",".","0.08","0.062","6","1","0","18","7.8","24","12","."
"37065","Edgecombe County, NC",".",".",".",".","0.08","0.064",".",".",".","17","7.9",".",".","."
"37067","Forsyth County, NC","2.4","1.7","37","6","0.08","0.066","5","2","0","26","9.2","26","12","."
"37069","Franklin County, NC",".",".",".",".","0.07","0.06",".",".",".",".",".",".",".","."
"37071","Gaston County, NC",".",".",".",".",".",".",".",".",".","18","8.8","27","17","."
"37075","Graham County, NC",".",".",".",".","0.07","0.064",".",".",".",".",".",".",".","."
"37077","Granville County, NC",".",".",".",".","0.08","0.063",".",".",".",".",".",".",".","."
"37081","Guilford County, NC",".",".",".",".","0.08","0.062",".",".",".","19","8.7","26","15","."
"37087","Haywood County, NC",".",".",".",".","0.07","0.064",".",".",".","18","8.4",".",".","."
"37099","Jackson County, NC",".",".",".",".","0.07","0.067",".",".",".","16","8.1",".",".","."
"37101","Johnston County, NC",".",".",".",".","0.07","0.062",".",".",".","17","7.4",".",".","."
"37105","Lee County, NC",".",".",".",".","0.05","0.041",".",".",".",".",".",".",".","."
"37107","Lenoir County, NC",".",".",".",".","0.07","0.063",".",".",".","18","7.4",".",".","."
"37109","Lincoln County, NC",".",".",".",".","0.08","0.064",".",".",".",".",".",".",".","."
"37111","McDowell County, NC",".",".",".",".",".",".",".",".",".","17","9",".",".","."
"37113","Macon County, NC",".",".",".",".","0.07","0.063",".",".",".",".",".",".",".","."
"37117","Martin County, NC",".",".",".",".","0.07","0.066","4","2","0","20","9.4",".",".","."
"37119","Mecklenburg County, NC","1.9","1.6","39","8","0.08","0.067","8","2","0","18","9.1","45","19","0"
"37121","Mitchell County, NC",".",".",".",".",".",".",".",".",".","18","8.2",".",".","."
"37123","Montgomery County, NC",".",".",".",".","0.07","0.061",".",".",".","19","9.2",".",".","."
"37129","New Hanover County, NC",".",".",".",".","0.07","0.064","45","8","0","20","10",".",".","."
"37145","Person County, NC",".",".",".",".","0.08","0.059",".",".",".",".",".",".",".","."
"37147","Pitt County, NC",".",".",".",".","0.07","0.063",".",".",".","15","7.2",".",".","."
"37155","Robeson County, NC",".",".",".",".",".",".",".",".",".","17","7.9",".",".","."
"37157","Rockingham County, NC",".",".",".",".","0.07","0.062",".",".",".",".",".",".",".","."
"37159","Rowan County, NC",".",".",".",".","0.08","0.063",".",".",".","19","9.2",".",".","."
"37173","Swain County, NC",".",".",".",".","0.07","0.056",".",".",".","18","7.7",".",".","."
"37179","Union County, NC",".",".",".",".","0.07","0.062",".",".",".",".",".",".",".","."
"37183","Wake County, NC","1.5","1.2",".",".","0.07","0.061","6","2","0","22","10.7","27","13","0"
"37189","Watauga County, NC",".",".",".",".",".",".",".",".",".","14","7.1",".",".","."
"37191","Wayne County, NC",".",".",".",".",".",".",".",".",".","22","10.6",".",".","."
"37199","Yancey County, NC",".",".",".",".","0.07","0.064",".",".",".",".",".",".",".","."
"38007","Billings County, ND",".",".",".",".","0.06","0.057","4","2","0","12","4.7",".",".","."
"38013","Burke County, ND",".",".","13","2","0.07","0.059","31","8","1","15","5.7","37","11","."
"38015","Burleigh County, ND",".",".","34","5","0.07","0.062","16","6","1","17","6.7","71","14","."
"38017","Cass County, ND","0.8","0.3","36","4","0.07","0.059","4","1","0","18","7.2","62","16","."
"38025","Dunn County, ND",".",".","10","2","0.06","0.057","7","2","0","13","4.3","74","17","."
"38053","McKenzie County, ND",".",".","11","1","0.06","0.059","12","3","1","11","3.6","19","7","."
"38057","Mercer County, ND",".",".","21","3","0.07","0.059","22","7","1","18","6.2","28","9","."
"38065","Oliver County, ND",".",".","15","2","0.07","0.061","24","4","1","14","5","39","12","."
"38105","Williams County, ND",".",".",".",".","0.06","0.059","264","41","3","22","9.6","76","23","."
"39001","Adams County, OH",".",".",".",".",".",".","24","8","1",".",".",".",".","."
"39003","Allen County, OH",".",".",".",".","0.08","0.068","7","4","1","19","9.9",".",".","."
"39007","Ashtabula County, OH",".",".",".",".","0.08","0.07","29","6","1",".",".",".",".","."
"39009","Athens County, OH",".",".",".",".",".",".",".",".",".","16","8.1",".",".","."
"39013","Belmont County, OH",".",".",".",".",".",".","33","10","2",".",".",".",".","."
"39017","Butler County, OH",".",".",".",".","0.08","0.069","47","10","2","26","13.3","106","42","0.01"
"39023","Clark County, OH",".",".",".",".","0.08","0.071","17","8","1","24","10.1",".",".","."
"39025","Clermont County, OH",".",".",".",".","0.08","0.066",".",".",".",".",".",".",".","."
"39027","Clinton County, OH",".",".",".",".","0.08","0.064",".",".",".",".",".",".",".","."
"39029","Columbiana County, OH",".",".",".",".",".",".","28","7","2",".",".","31","17","0.02"
"39035","Cuyahoga County, OH","7.8","4.6","53","13","0.08","0.069","66","25","3","26","13","95","41","0.06"
"39041","Delaware County, OH",".",".",".",".","0.08","0.07",".",".",".",".",".",".",".","."
"39047","Fayette County, OH",".",".",".",".","0.08","0.064",".",".",".",".",".",".",".","."
"39049","Franklin County, OH","1.6","1","39","9","0.08","0.073","13","5","1","24","10.7","41","22","0.01"
"39051","Fulton County, OH",".",".",".",".",".",".",".",".",".",".",".",".",".","0.06"
"39055","Geauga County, OH",".",".",".",".","0.08","0.065",".",".",".",".",".",".",".","."
"39057","Greene County, OH",".",".",".",".","0.09","0.066",".",".",".","19","10","23","14","."
"39061","Hamilton County, OH","1.5","0.9","44","12","0.08","0.069","68","17","3","26","12","43","22","0.01"
"39081","Jefferson County, OH",".",".",".",".","0.08","0.066","52","12","4","26","11.9","40","25","."
"39083","Knox County, OH",".",".",".",".","0.08","0.067",".",".",".",".",".",".",".","."
"39085","Lake County, OH","1.6","1.5",".",".","0.08","0.07","119","31","4","19","9.5","35","16","."
"39087","Lawrence County, OH",".",".",".",".","0.07","0.063","22","16","1","19","9.1","27","17","."
"39089","Licking County, OH",".",".",".",".","0.07","0.065",".",".",".",".",".",".",".","."
"39091","Logan County, OH",".",".",".",".",".",".",".",".",".",".",".",".",".","0"
"39093","Lorain County, OH",".",".",".",".","0.07","0.06",".",".",".","21","9.1","21","11","."
"39095","Lucas County, OH",".",".",".",".","0.08","0.068","29","8","1","22","10.2",".",".","."
"39097","Madison County, OH",".",".",".",".","0.07","0.066",".",".",".",".",".",".",".","."
"39099","Mahoning County, OH",".",".",".",".","0.07","0.063","27","7","1","23","10.9","39","19","."
"39101","Marion County, OH",".",".",".",".",".",".",".",".",".",".",".",".",".","0.03"
"39103","Medina County, OH",".",".",".",".","0.07","0.065",".",".",".","23","9.1",".",".","."
"39105","Meigs County, OH",".",".",".",".",".",".","33","6","1",".",".",".",".","."
"39109","Miami County, OH",".",".",".",".","0.08","0.07",".",".",".",".",".",".",".","."
"39113","Montgomery County, OH","1.8","1.2",".",".","0.08","0.069",".",".",".","23","10.9","32","18","0.01"
"39115","Morgan County, OH",".",".",".",".",".",".","124","39","3",".",".",".",".","."
"39121","Noble County, OH",".",".",".",".","0.08","0.063",".",".",".",".",".",".",".","."
"39133","Portage County, OH",".",".",".",".","0.07","0.058",".",".",".","23","8.9",".",".","."
"39135","Preble County, OH","1.5","0.4",".",".","0.07","0.067","16","5","1","21","9.7",".",".","."
"39145","Scioto County, OH",".",".",".",".",".",".","14","4","1","18","9.4","40","17","."
"39151","Stark County, OH","1.3","0.9",".",".","0.08","0.07",".",".",".","28","12",".",".","0.02"
"39153","Summit County, OH","1.3","0.8",".",".","0.07","0.06","59","19","3","25","10.9",".",".","."
"39155","Trumbull County, OH",".",".",".",".","0.08","0.068",".",".",".","25","9.8","32","15","0.01"
"39165","Warren County, OH",".",".",".",".","0.09","0.067",".",".",".",".",".",".",".","."
"39167","Washington County, OH",".",".",".",".","0.08","0.063",".",".",".",".",".",".",".","0.01"
"39173","Wood County, OH",".",".",".",".","0.07","0.065",".",".",".",".",".",".",".","."
"40001","Adair County, OK","0.6","0.4","6","4","0.07","0.066","5","2","0",".",".","62","17","."
"40013","Bryan County, OK",".",".",".",".","0.08","0.069",".",".",".",".",".",".",".","."
"40015","Caddo County, OK",".",".",".",".","0.08","0.067",".",".",".",".",".",".",".","."
"40017","Canadian County, OK",".",".","41","6","0.08","0.071",".",".",".",".",".",".",".","."
"40021","Cherokee County, OK",".",".",".",".","0.08","0.065",".",".",".",".",".",".",".","."
"40027","Cleveland County, OK",".",".",".",".","0.08","0.069",".",".",".","21","9.9",".",".","."
"40031","Comanche County, OK",".",".",".",".","0.08","0.072",".",".",".","22","9.1",".",".","."
"40037","Creek County, OK",".",".",".",".","0.08","0.068",".",".",".",".",".",".",".","."
"40043","Dewey County, OK",".",".",".",".","0.08","0.069",".",".",".",".",".",".",".","."
"40067","Jefferson County, OK",".",".",".",".","0.09","0.074",".",".",".",".",".",".",".","."
"40071","Kay County, OK",".",".",".",".","0.08","0.073","30","9","1","20","9.1",".",".","."
"40085","Love County, OK",".",".",".",".","0.09","0.078",".",".",".","22","10",".",".","."
"40087","McClain County, OK",".",".",".",".","0.08","0.066",".",".",".",".",".",".",".","."
"40089","McCurtain County, OK",".",".",".",".",".",".",".",".",".",".",".",".",".","."
"40097","Mayes County, OK",".",".",".",".","0.08","0.068",".",".",".",".",".",".",".","."
"40101","Muskogee County, OK",".",".",".",".",".",".","37","9","2",".",".","74","24","."
"40109","Oklahoma County, OK","1","0.8","46","9","0.09","0.073","3","2","0","21","10","62","20","."
"40115","Ottawa County, OK",".",".",".",".","0.08","0.066",".",".",".",".",".","53","14","0.02"
"40121","Pittsburg County, OK",".",".",".",".","0.08","0.071",".",".",".","23","10",".",".","0.06"
"40125","Pottawatomie County, OK",".",".",".",".","0.07","0.065",".",".",".",".",".",".",".","."
"40135","Sequoyah County, OK",".",".","28","6","0.08","0.067",".",".",".","22","9.7","58","19","."
"40143","Tulsa County, OK","1.6","1","38","8","0.1","0.072","48","19","2","22","10.4","67","19","0.01"
"41005","Clackamas County, OR",".",".",".",".","0.07","0.059",".",".",".",".",".",".",".","."
"41009","Columbia County, OR",".",".",".",".","0.06","0.047",".",".",".",".",".",".",".","."
"41013","Crook County, OR",".",".",".",".",".",".",".",".",".","49","11",".",".","."
"41017","Deschutes County, OR",".",".",".",".","0.06","0.056",".",".",".",".",".",".",".","."
"41025","Harney County, OR",".",".",".",".",".",".",".",".",".","38","9.9",".",".","."
"41029","Jackson County, OR",".",".",".",".","0.08","0.067",".",".",".","85","14.5","71","39","."
"41033","Josephine County, OR",".",".",".",".",".",".",".",".",".","36","11.9",".",".","."
"41035","Klamath County, OR",".",".",".",".",".",".",".",".",".","50","13",".",".","."
"41037","Lake County, OR",".",".",".",".",".",".",".",".",".","94","14.6",".",".","."
"41039","Lane County, OR",".",".",".",".","0.06","0.056",".",".",".","41","9.8","42","16","."
"41047","Marion County, OR",".",".",".",".","0.07","0.055",".",".",".",".",".",".",".","."
"41051","Multnomah County, OR","2.2","1.8","33","10","0.08","0.053","5","3","1","36","8.7","43","15","0"
"41059","Umatilla County, OR",".",".",".",".","0.07","0.062",".",".",".","32","8",".",".","."
"41061","Union County, OR",".",".",".",".",".",".",".",".",".",".",".","34","14","."
"41067","Washington County, OR",".",".",".",".","0.06","0.052",".",".",".","43","9.1","42","12","."
"42001","Adams County, PA","0.8","0.7","20","2","0.08","0.067",".",".",".","25","10.4",".",".","."
"42003","Allegheny County, PA","2.1","1.5","40","11","0.09","0.076","81","24","4","31","12","65","24","0.03"
"42005","Armstrong County, PA",".",".",".",".","0.09","0.078",".",".",".","23","10.7",".",".","."
"42007","Beaver County, PA",".",".","38","10","0.09","0.072","42","12","3","25","11.2","40","11","0.22"
"42011","Berks County, PA","0.8","0.6","34","7","0.08","0.068","20","4","1","38","12.8","33","12","0.17"
"42013","Blair County, PA",".",".",".",".","0.07","0.065","33","11","2","33","12.2","36","14","."
"42015","Bradford County, PA",".",".","20","4","0.06","0.053",".",".",".",".",".",".",".","."
"42017","Bucks County, PA","2.4","1.8","34","8","0.09","0.073","16","8","2","37","11.6",".",".","."
"42021","Cambria County, PA","2","1.6","37","8","0.08","0.065","32","13","5","30","11.9","86","25","."
"42025","Carbon County, PA",".",".",".",".",".",".",".",".",".",".",".",".",".","0.15"
"42027","Centre County, PA",".",".","34","5","0.07","0.065","18","4","0","22","9.1",".",".","."
"42029","Chester County, PA",".",".",".",".","0.08","0.068",".",".",".","29","10.8",".",".","."
"42033","Clearfield County, PA",".",".",".",".","0.08","0.067",".",".",".",".",".",".",".","."
"42041","Cumberland County, PA",".",".",".",".",".",".",".",".",".","40","12.1",".",".","."
"42043","Dauphin County, PA",".",".",".",".","0.08","0.068",".",".",".","36","14.6","59","21","."
"42045","Delaware County, PA",".",".","43","9","0.08","0.069","15","10","2","31","11.5","51","16","0.01"
"42047","Elk County, PA",".",".",".",".","0.07","0.065",".",".",".",".",".",".",".","."
"42049","Erie County, PA","1.1","0.8","36","6","0.08","0.068","12","6","1","26","12.2","31","11","."
"42055","Franklin County, PA",".",".",".",".","0.08","0.07",".",".",".",".",".",".",".","0.01"
"42059","Greene County, PA",".",".",".",".","0.08","0.066","16","5","1",".",".",".",".","."
"42063","Indiana County, PA",".",".",".",".","0.08","0.072","66","16","3",".",".",".",".","0.01"
"42069","Lackawanna County, PA","1.8","1.3","40","8","0.08","0.067",".",".",".","24","9.2",".",".","."
"42071","Lancaster County, PA",".",".","37","9","0.08","0.066",".",".",".","34","11.3","44","13","0.07"
"42073","Lawrence County, PA","1","0.9",".",".","0.08","0.068","39","10","1",".",".","54","19","0.02"
"42075","Lebanon County, PA",".",".",".",".","0.09","0.072",".",".",".","36","11.2",".",".","."
"42077","Lehigh County, PA",".",".",".",".","0.08","0.068",".",".",".",".",".","42","12","."
"42079","Luzerne County, PA",".",".",".",".","0.08","0.063","7","5","1",".",".","45","15","0.06"
"42081","Lycoming County, PA",".",".",".",".","0.07","0.065",".",".",".",".",".","22","12","."
"42085","Mercer County, PA",".",".",".",".","0.08","0.069",".",".",".","24","11.4",".",".","."
"42089","Monroe County, PA",".",".",".",".","0.07","0.062",".",".",".","22","9.4",".",".","."
"42091","Montgomery County, PA",".",".",".",".","0.08","0.069","8","5","1","28","10.1",".",".","."
"42095","Northampton County, PA","1.5","1.1","37","9","0.07","0.065","14","6","1","37","12.6","53","16","."
"42099","Perry County, PA",".",".","21","3","0.07","0.065","9","3","0",".",".",".",".","."
"42101","Philadelphia County, PA","2.3","1.7","52","17","0.08","0.071","15","6","2","36","11.6","64","31","0.04"
"42111","Somerset County, PA",".",".",".",".","0.07","0.061",".",".",".",".",".",".",".","."
"42117","Tioga County, PA",".",".","11","1","0.07","0.066",".",".",".",".",".",".",".","."
"42123","Warren County, PA",".",".",".",".",".",".","123","27","5",".",".",".",".","."
"42125","Washington County, PA","1.2","0.7","34","8","0.09","0.071","21","9","3","22","10.6","32","15","."
"42129","Westmoreland County, PA",".",".",".",".","0.08","0.07",".",".",".","27","13",".",".","0.02"
"42133","York County, PA","2","1.2","39","10","0.09","0.068","19","4","1","32","11.5","43","15","."
"44003","Kent County, RI",".",".","8","1","0.1","0.073",".",".",".","15","6.3","17","9","."
"44007","Providence County, RI","2","1.3","43","10","0.1","0.076","14","5","1","23","9.5","41","19","0.01"
"44009","Washington County, RI",".",".",".",".","0.1","0.079",".",".",".","17","5.2",".",".","."
"45001","Abbeville County, SC",".",".",".",".","0.07","0.056",".",".",".",".",".",".",".","."
"45003","Aiken County, SC",".",".",".",".","0.07","0.061",".",".",".",".",".",".",".","."
"45007","Anderson County, SC",".",".",".",".","0.06","0.057",".",".",".",".",".",".",".","."
"45015","Berkeley County, SC",".",".",".",".","0.07","0.058",".",".",".",".",".",".",".","."
"45019","Charleston County, SC",".",".","37","7","0.07","0.059","12","6","1","17","8.1","34","15","."
"45021","Cherokee County, SC",".",".",".",".","0.08","0.063",".",".",".",".",".",".",".","."
"45025","Chesterfield County, SC",".",".",".",".","0.06","0.058",".",".",".","18","8.2","23","13","."
"45029","Colleton County, SC",".",".",".",".","0.06","0.05",".",".",".",".",".",".",".","."
"45031","Darlington County, SC",".",".",".",".","0.07","0.059",".",".",".",".",".",".",".","."
"45037","Edgefield County, SC",".",".",".",".","0.06","0.048",".",".",".","22","8.9",".",".","."
"45041","Florence County, SC",".",".",".",".",".",".",".",".",".","18","9.1",".",".","."
"45043","Georgetown County, SC",".",".",".",".",".",".",".",".",".",".",".","60","18","."
"45045","Greenville County, SC",".",".","45","8","0.07","0.061","3","1","0","21","9.2","29","13","."
"45063","Lexington County, SC",".",".",".",".",".",".","30","7","1","19","9","36","16","."
"45073","Oconee County, SC",".",".",".",".","0.06","0.053","4","1","0",".",".",".",".","."
"45077","Pickens County, SC",".",".",".",".","0.07","0.06",".",".",".",".",".",".",".","."
"45079","Richland County, SC","1.1","0.7","34","4","0.07","0.061","22","3","0","20","9.2","34","15","0"
"45083","Spartanburg County, SC",".",".",".",".","0.08","0.065",".",".",".","20","9",".",".","."
"45091","York County, SC",".",".",".",".","0.08","0.063","3","1","0",".",".",".",".","."
"46011","Brookings County, SD",".",".",".",".","0.07","0.063",".",".",".","23","8.2","74","20","."
"46013","Brown County, SD",".",".",".",".",".",".",".",".",".","22","7.3","66","20","."
"46029","Codington County, SD",".",".",".",".",".",".",".",".",".","21","9.7","73","20","."
"46033","Custer County, SD",".",".",".",".","0.07","0.061",".",".",".","9","3.1","25","7","."
"46071","Jackson County, SD",".",".","6","1","0.07","0.062","9","3","0","14","5.3","40","9","."
"46093","Meade County, SD",".",".",".",".","0.07","0.063",".",".",".",".",".","35","13","."
"46099","Minnehaha County, SD","1.1","0.5","34","5","0.08","0.067","3","1","1","25","8.9","55","20","."
"46103","Pennington County, SD",".",".","39","7",".",".","9","2","0","17","7.9","128","38","."
"46127","Union County, SD","0.5","0.3","39","4","0.07","0.063","6","2","0","24","10.5","75","20","."
"47001","Anderson County, TN",".",".",".",".","0.07","0.06","5","2","1",".",".",".",".","."
"47009","Blount County, TN","1.1","0.3",".",".","0.08","0.064","4","1","0","17","8.6",".",".","."
"47011","Bradley County, TN",".",".",".",".",".",".","33","10","2",".",".",".",".","."
"47025","Claiborne County, TN",".",".",".",".","0.07","0.061",".",".",".",".",".",".",".","."
"47037","Davidson County, TN","1.6","1.2","39","10","0.08","0.06","9","2","1","21","10.1","29","17","."
"47041","DeKalb County, TN",".",".",".",".","0.07","0.062",".",".",".",".",".",".",".","."
"47045","Dyer County, TN",".",".",".",".",".",".",".",".",".","17","9",".",".","."
"47065","Hamilton County, TN",".",".",".",".","0.08","0.064",".",".",".","20","9.3","31","15","."
"47089","Jefferson County, TN",".",".",".",".","0.08","0.065",".",".",".",".",".",".",".","."
"47093","Knox County, TN",".",".",".",".","0.07","0.061",".",".",".","20","10.1","27","16","0.11"
"47099","Lawrence County, TN",".",".",".",".",".",".",".",".",".","16","7.8",".",".","."
"47105","Loudon County, TN",".",".",".",".","0.07","0.061",".",".",".","17","9.1",".",".","."
"47107","McMinn County, TN",".",".",".",".",".",".","44","11","1","17","8.8",".",".","."
"47113","Madison County, TN",".",".",".",".",".",".",".",".",".","18","8.6",".",".","."
"47119","Maury County, TN",".",".",".",".",".",".",".",".",".","15","7.9",".",".","."
"47121","Meigs County, TN",".",".",".",".","0.07","0.059",".",".",".",".",".",".",".","."
"47125","Montgomery County, TN",".",".","18","3",".",".","28","6","1","20","9.1","26","14","."
"47141","Putnam County, TN",".",".",".",".",".",".",".",".",".","17","8.3",".",".","."
"47145","Roane County, TN",".",".",".",".",".",".",".",".",".","23","11.7","56","20","."
"47155","Sevier County, TN",".",".",".",".","0.07","0.065","4","1","0",".",".",".",".","."
"47157","Shelby County, TN","2.4","1.9",".",".","0.08","0.069","9","4","1","20","9.5","51","19","0"
"47163","Sullivan County, TN","2.8","0.9","64","11","0.08","0.063","85","19","3","16","8.6",".",".","0.05"
"47165","Sumner County, TN",".",".",".",".","0.08","0.068",".",".",".","21","8.9",".",".","."
"47173","Union County, TN",".",".",".",".",".",".",".",".",".",".",".","69","22","."
"47187","Williamson County, TN",".",".",".",".","0.07","0.062",".",".",".",".",".",".",".","."
"47189","Wilson County, TN",".",".",".",".","0.07","0.062",".",".",".",".",".",".",".","."
"48027","Bell County, TX",".",".",".",".","0.08","0.071",".",".",".",".",".",".",".","."
"48029","Bexar County, TX",".",".","40","5","0.09","0.083","15","3","1","26","8.3","71","23","0.02"
"48037","Bowie County, TX",".",".",".",".",".",".",".",".",".","28","10.4",".",".","."
"48039","Brazoria County, TX",".",".","32","4","0.11","0.084",".",".",".",".",".",".",".","."
"48043","Brewster County, TX",".",".",".",".","0.07","0.066",".",".",".",".",".",".",".","."
"48061","Cameron County, TX","1.5","0.8",".",".","0.07","0.062",".",".",".","26","10.6",".",".","0"
"48085","Collin County, TX",".",".",".",".","0.09","0.078",".",".",".",".",".",".",".","0.08"
"48113","Dallas County, TX","2","1.5","49","12","0.1","0.081","5","2","0","26","12.9","93","30","0.01"
"48121","Denton County, TX",".",".","39","7","0.1","0.085",".",".",".",".",".",".",".","."
"48139","Ellis County, TX",".",".","35","5","0.09","0.075","16","3","1","25","8.9",".",".","."
"48141","El Paso County, TX","6.6","2.6","56","14","0.1","0.073","9","3","0","36","10.9","233","61","0.03"
"48167","Galveston County, TX",".",".","32","3","0.08","0.064","10","5","1","27","7.6","46","19","."
"48183","Gregg County, TX",".",".","23","5","0.09","0.071","65","12","2",".",".",".",".","."
"48201","Harris County, TX","2.8","1.9","58","13","0.1","0.081","35","8","1","24","12.2","80","31","0.01"
"48203","Harrison County, TX",".",".","19","3","0.08","0.07",".",".",".","23","9.4","53","16","."
"48215","Hidalgo County, TX",".",".",".",".","0.06","0.055",".",".",".","31","10.3","88","33","."
"48221","Hood County, TX",".",".",".",".","0.1","0.075",".",".",".",".",".",".",".","."
"48231","Hunt County, TX",".",".","28","4","0.08","0.07",".",".",".",".",".",".",".","."
"48245","Jefferson County, TX","0.7","0.5","33","6","0.08","0.067","50","13","1",".",".",".",".","."
"48251","Johnson County, TX",".",".",".",".","0.1","0.077",".",".",".",".",".",".",".","."
"48257","Kaufman County, TX",".",".","28","3","0.09","0.075","15","3","1",".",".",".",".","0.05"
"48309","McLennan County, TX","0.4","0.3","24","3","0.08","0.072","7","2","0",".",".",".",".","."
"48339","Montgomery County, TX",".",".","25","3","0.09","0.075",".",".",".",".",".",".",".","."
"48349","Navarro County, TX",".",".","28","4","0.09","0.074","30","7","1",".",".",".",".","."
"48355","Nueces County, TX",".",".",".",".","0.08","0.066","7","2","0","29","9.8","55","23","."
"48361","Orange County, TX",".",".","28","5","0.08","0.067",".",".",".",".",".",".",".","."
"48367","Parker County, TX",".",".",".",".","0.09","0.074",".",".",".",".",".",".",".","."
"48373","Polk County, TX",".",".",".",".","0.08","0.065",".",".",".",".",".",".",".","."
"48375","Potter County, TX",".",".",".",".",".",".","25","3","0",".",".",".",".","0"
"48381","Randall County, TX",".",".",".",".","0.08","0.07",".",".",".",".",".",".",".","."
"48397","Rockwall County, TX",".",".",".",".","0.09","0.073",".",".",".",".",".",".",".","."
"48423","Smith County, TX",".",".","17","3","0.09","0.071",".",".",".",".",".",".",".","."
"48439","Tarrant County, TX","1.7","1","48","9","0.1","0.084",".",".",".","26","10.5","63","19","."
"48453","Travis County, TX","0.6","0.4","33","5","0.08","0.07","5","2","1","27","8.2","57","20","."
"48469","Victoria County, TX",".",".",".",".","0.07","0.062",".",".",".",".",".",".",".","."
"48479","Webb County, TX","2.2","1.2",".",".","0.08","0.065",".",".",".",".",".","105","38","0.01"
"49003","Box Elder County, UT",".",".",".",".","0.08","0.071",".",".",".","54","10.5",".",".","."
"49005","Cache County, UT",".",".","57","14","0.08","0.066",".",".",".","74","17.8","85","24","."
"49007","Carbon County, UT",".",".","27","4","0.08","0.067",".",".",".",".",".",".",".","."
"49009","Daggett County, UT",".",".",".",".","0.07","0.066",".",".",".",".",".",".",".","."
"49011","Davis County, UT",".",".","60","15","0.09","0.07","9","3","1","46","10.3","51","20","."
"49013","Duchesne County, UT",".",".","52","9","0.12","0.108",".",".",".",".",".",".",".","."
"49017","Garfield County, UT",".",".",".",".","0.07","0.067",".",".",".",".",".",".",".","."
"49035","Salt Lake County, UT","2.7","1.7","62","18","0.1","0.077","26","6","3","58","12.7","105","29","0.08"
"49037","San Juan County, UT",".",".",".",".","0.07","0.066",".",".",".",".",".",".",".","."
"49045","Tooele County, UT",".",".",".",".","0.09","0.072",".",".",".","45","9.1",".",".","."
"49047","Uintah County, UT","2.3","1.8","78","11","0.16","0.133","5","1","0","18","5.9","35","9","."
"49049","Utah County, UT","3","2.1","75","19","0.1","0.077",".",".",".","91","12.9","136","26","."
"49053","Washington County, UT",".",".","28","3","0.08","0.07",".",".",".","12","6.3",".",".","."
"49057","Weber County, UT","7.8","2.7","63","17","0.09","0.076",".",".",".","49","14.3","92","22","."
"50003","Bennington County, VT",".",".",".",".","0.07","0.062",".",".",".","15","6",".",".","."
"50007","Chittenden County, VT","1.6","0.9","31","7","0.07","0.062","3","1","0","16","6.4","33","12","."
"50021","Rutland County, VT","2.9","1.3","36","7",".",".","10","7","1","21","8.2","28","12","."
"51003","Albemarle County, VA",".",".",".",".","0.07","0.06",".",".",".","19","7.6",".",".","."
"51009","Amherst County, VA",".",".",".",".",".",".",".",".",".",".",".",".",".","0.01"
"51013","Arlington County, VA","1.2","1","43","11","0.08","0.067",".",".",".","21","8.9",".",".","."
"51027","Buchanan County, VA",".",".",".",".",".",".",".",".",".",".",".",".",".","0.01"
"51033","Caroline County, VA",".",".",".",".","0.08","0.065",".",".",".",".",".",".",".","."
"51035","Carroll County, VA",".",".",".",".",".",".",".",".",".",".",".","22","10","."
"51036","Charles County, VA",".",".","39","4","0.07","0.061","30","5","1","18","7.6",".",".","."
"51041","Chesterfield County, VA",".",".",".",".","0.07","0.063",".",".",".","20","8.2",".",".","."
"51059","Fairfax County, VA",".",".",".",".","0.08","0.067",".",".",".","21","8.3",".",".","."
"51061","Fauquier County, VA",".",".",".",".","0.07","0.059",".",".",".",".",".",".",".","."
"51069","Frederick County, VA",".",".",".",".","0.07","0.06",".",".",".","24","8.8",".",".","."
"51071","Giles County, VA",".",".",".",".","0.07","0.061",".",".",".",".",".",".",".","."
"51085","Hanover County, VA",".",".",".",".","0.07","0.066",".",".",".",".",".",".",".","."
"51087","Henrico County, VA","1.5","1.2","38","8","0.07","0.065","6","3","1","19","8.2","30","13","0"
"51101","King William County, VA",".",".",".",".",".",".",".",".",".",".",".","22","12","."
"51107","Loudoun County, VA",".",".","37","7","0.08","0.066",".",".",".","20","8.5",".",".","."
"51113","Madison County, VA",".",".",".",".","0.07","0.063",".",".",".",".",".",".",".","."
"51139","Page County, VA",".",".",".",".","0.06","0.06",".",".",".","20","7.2",".",".","."
"51147","Prince Edward County, VA",".",".",".",".","0.07","0.06",".",".",".",".",".",".",".","."
"51153","Prince William County, VA",".",".","29","5","0.07","0.066",".",".",".",".",".",".",".","."
"51161","Roanoke County, VA","1","0.8","35","6","0.07","0.057","6","4","1","19","8.5",".",".","."
"51163","Rockbridge County, VA",".",".",".",".","0.06","0.058",".",".",".",".",".",".",".","."
"51165","Rockingham County, VA",".",".","40","8","0.06","0.058","4","3","1","21","8.4",".",".","."
"51179","Stafford County, VA",".",".",".",".","0.07","0.064",".",".",".",".",".",".",".","."
"51197","Wythe County, VA",".",".",".",".","0.07","0.059",".",".",".",".",".",".",".","."
"51510","Alexandria City, VA","4.9","3.1","64","13","0.08","0.063","9","3","1",".",".","28","12","."
"51520","Bristol City, VA",".",".",".",".",".",".",".",".",".","16","8.5",".",".","."
"51630","Fredericksburg City, VA",".",".",".",".",".",".",".",".",".",".",".","21","12","."
"51650","Hampton City, VA","1.1","0.9","28","4","0.07","0.068","38","9","1","16","7.1","19","9","."
"51670","Hopewell City, VA",".",".",".",".",".",".",".",".",".",".",".","21","13","."
"51680","Lynchburg City, VA",".",".",".",".",".",".",".",".",".","18","7.4",".",".","."
"51710","Norfolk City, VA","2","1.1","41","8",".",".","52","10","1","16","7.5","21","12","."
"51760","Richmond City, VA","1.4","1.1","46","15",".",".",".",".",".",".",".",".",".","."
"51770","Roanoke City, VA","1.3","1",".",".",".",".",".",".",".","22","8.3","45","21","0.11"
"51775","Salem City, VA",".",".",".",".",".",".",".",".",".","19","8.6",".",".","."
"51800","Suffolk City, VA",".",".",".",".","0.08","0.065",".",".",".",".",".",".",".","."
"51810","Virginia Beach City, VA",".",".",".",".",".",".",".",".",".","18","7.7",".",".","."
"51840","Winchester City, VA",".",".",".",".",".",".",".",".",".",".",".","19","10","."
"53005","Benton County, WA",".",".",".",".",".",".",".",".",".",".",".","226","19","."
"53007","Chelan County, WA",".",".",".",".",".",".",".",".",".","24","6.8",".",".","."
"53009","Clallam County, WA","0.3","0.2",".",".","0.06","0.051","1","1","0",".",".",".",".","."
"53011","Clark County, WA",".",".",".",".","0.07","0.052",".",".",".","56","12.3",".",".","."
"53033","King County, WA","1.5","1.3","41","13","0.08","0.057","9","3","1","31","12.2","28","11","0"
"53035","Kitsap County, WA",".",".",".",".",".",".",".",".",".","13","4.7",".",".","."
"53053","Pierce County, WA",".",".",".",".","0.07","0.059",".",".",".","39","9.2",".",".","."
"53057","Skagit County, WA",".",".","23","6","0.06","0.048","5","2","1","14","7.2",".",".","."
"53061","Snohomish County, WA",".",".",".",".",".",".",".",".",".","29","8.3",".",".","."
"53063","Spokane County, WA","3.3","2.3",".",".","0.07","0.062",".",".",".","33","8.7","68","21","."
"53065","Stevens County, WA",".",".",".",".",".",".",".",".",".",".",".","93","21","."
"53067","Thurston County, WA",".",".",".",".","0.06","0.05",".",".",".","39","12.6",".",".","."
"53073","Whatcom County, WA",".",".",".",".","0.05","0.043",".",".",".","18","6.7",".",".","."
"53077","Yakima County, WA",".",".",".",".",".",".",".",".",".","41","9.6","84","20","."
"54003","Berkeley County, WV",".",".",".",".","0.07","0.063",".",".",".","22","9.8",".",".","."
"54009","Brooke County, WV","0.9","0.7",".",".",".",".","62","19","4","27","11","36","17","."
"54011","Cabell County, WV",".",".",".",".","0.07","0.059","19","17","2","20","9.4",".",".","0.01"
"54021","Gilmer County, WV",".",".",".",".","0.07","0.058",".",".",".",".",".",".",".","."
"54025","Greenbrier County, WV",".",".",".",".","0.07","0.06",".",".",".",".",".",".",".","."
"54029","Hancock County, WV","1.9","1.3",".",".","0.08","0.069","40","12","5","27","10.1","46","14","."
"54033","Harrison County, WV",".",".",".",".",".",".",".",".",".","19","8.8",".",".","."
"54039","Kanawha County, WV",".",".",".",".","0.08","0.067","42","18","4","20","9.8","30","13","."
"54049","Marion County, WV",".",".",".",".",".",".",".",".",".","18","9.3",".",".","."
"54051","Marshall County, WV",".",".",".",".",".",".","43","21","5","23","10.4",".",".","."
"54061","Monongalia County, WV",".",".",".",".","0.08","0.064","14","6","2","19","8.9",".",".","."
"54069","Ohio County, WV",".",".",".",".","0.08","0.063",".",".",".","25","10.1",".",".","."
"54081","Raleigh County, WV",".",".",".",".",".",".",".",".",".","18","7.5",".",".","."
"54093","Tucker County, WV",".",".",".",".","0.07","0.061",".",".",".",".",".",".",".","."
"54107","Wood County, WV",".",".",".",".","0.08","0.064","25","10","4","21","9.4",".",".","."
"55003","Ashland County, WI",".",".",".",".","0.06","0.058",".",".",".","16","4.8",".",".","."
"55005","Barron County, WI",".",".",".",".",".",".",".",".",".",".",".","67","22","."
"55009","Brown County, WI",".",".",".",".","0.07","0.065","76","13","2","22","7.7",".",".","."
"55017","Chippewa County, WI",".",".",".",".",".",".",".",".",".",".",".","52","19","."
"55021","Columbia County, WI",".",".",".",".","0.07","0.066",".",".",".",".",".",".",".","."
"55025","Dane County, WI",".",".",".",".","0.07","0.067","8","4","1","23","9.3","29","16","."
"55027","Dodge County, WI","0.9","0.3",".",".","0.08","0.067","9","2","0","18","7.9","35","14","."
"55029","Door County, WI",".",".",".",".","0.08","0.068",".",".",".",".",".",".",".","."
"55035","Eau Claire County, WI",".",".",".",".","0.07","0.06",".",".",".","20","7.3",".",".","."
"55039","Fond du Lac County, WI",".",".",".",".","0.08","0.065",".",".",".",".",".",".",".","."
"55041","Forest County, WI",".",".","8","1","0.07","0.06","4","4","1","17","4.9",".",".","."
"55043","Grant County, WI",".",".",".",".",".",".",".",".",".","19","8.9",".",".","."
"55053","Jackson County, WI",".",".",".",".",".",".",".",".",".",".",".",".","9","."
"55055","Jefferson County, WI",".",".",".",".","0.08","0.069",".",".",".",".",".",".",".","."
"55059","Kenosha County, WI",".",".",".",".","0.09","0.075",".",".",".","22","8.7",".",".","."
"55061","Kewaunee County, WI",".",".",".",".","0.08","0.068",".",".",".",".",".",".",".","."
"55063","La Crosse County, WI",".",".",".",".","0.07","0.061",".",".",".","18","8.3",".",".","."
"55071","Manitowoc County, WI",".",".","9","2","0.09","0.073",".",".",".",".",".",".",".","."
"55073","Marathon County, WI",".",".",".",".","0.07","0.063",".",".",".",".",".",".",".","."
"55079","Milwaukee County, WI",".",".","50","10","0.09","0.07","23","5","1","25","9.9","38","17","."
"55081","Monroe County, WI",".",".",".",".",".",".",".",".",".",".",".","35","14","."
"55085","Oneida County, WI",".",".",".",".",".",".","153","59","4",".",".",".",".","."
"55087","Outagamie County, WI",".",".",".",".","0.08","0.067",".",".",".","22","8",".",".","."
"55089","Ozaukee County, WI",".",".",".",".","0.08","0.068",".",".",".","20","7.2",".",".","."
"55101","Racine County, WI",".",".",".",".","0.08","0.066",".",".",".",".",".",".",".","."
"55105","Rock County, WI",".",".",".",".","0.07","0.067",".",".",".",".",".",".",".","."
"55111","Sauk County, WI",".",".",".",".","0.07","0.063",".",".",".","16","7.1","31","11","."
"55117","Sheboygan County, WI",".",".",".",".","0.09","0.078",".",".",".",".",".",".",".","0.11"
"55119","Taylor County, WI",".",".",".",".","0.07","0.061",".",".",".","17","6.4",".",".","."
"55121","Trempealeau County, WI",".",".",".",".",".",".",".",".",".",".",".","38","15","."
"55125","Vilas County, WI",".",".",".",".","0.07","0.06",".",".",".","14","4.6",".",".","."
"55127","Walworth County, WI",".",".",".",".","0.07","0.067",".",".",".",".",".",".",".","."
"55133","Waukesha County, WI",".",".",".",".","0.07","0.056",".",".",".","25","10","32","16","."
"56001","Albany County, WY",".",".",".",".","0.08","0.069",".",".",".","10","4.6","106","25","."
"56003","Big Horn County, WY",".",".",".",".","0.07","0.064",".",".",".",".",".",".",".","."
"56005","Campbell County, WY",".",".","52","9","0.07","0.061","37","17","1","14","6.4","130","36","."
"56007","Carbon County, WY",".",".","43","8","0.06","0.059","32","11","3","5","1.5","8","5","."
"56009","Converse County, WY",".",".","36","4","0.08","0.067",".",".",".","8","3.3","75","31","."
"56013","Fremont County, WY","0.6","0.4","7","1","0.07","0.066",".",".",".","29","7.8","39","16","."
"56021","Laramie County, WY","0.4","0.3","37","4","0.08","0.069","6","2","0","12","4.6","38","12","."
"56023","Lincoln County, WY",".",".",".",".",".",".",".",".",".",".",".","120","25","."
"56025","Natrona County, WY",".",".","36","6","0.08","0.065","38","18","2","13","4.3","38","16","."
"56029","Park County, WY",".",".",".",".",".",".",".",".",".","15","4.3","31","11","."
"56031","Platte County, WY",".",".",".",".",".",".",".",".",".",".",".","60","19","."
"56033","Sheridan County, WY",".",".",".",".","0.06","0.058",".",".",".","18","7","52","17","."
"56035","Sublette County, WY",".",".","17","2","0.07","0.066",".",".",".","13","4.8","53","8","."
"56037","Sweetwater County, WY",".",".","38","4","0.08","0.067","29","6","3","12","5.1","168","27","."
"56039","Teton County, WY","1.8","0.7",".",".","0.07","0.063",".",".",".","11","4.9","47","14","."
"56041","Uinta County, WY",".",".","14","2","0.07","0.065",".",".",".",".",".","42","9","."
"56045","Weston County, WY",".",".",".",".","0.07","0.067","6","1","0",".",".",".",".","."
"72001","Adjuntas Municipio, PR",".",".",".",".",".",".",".",".",".","13","4.7",".",".","."
"72013","Arecibo Municipio, PR",".",".",".",".",".",".",".",".",".",".",".",".",".","2.5"
"72021","Bayamon Municipio, PR","5","1.3",".",".",".",".","428","186","3","12","5.2",".",".","0.01"
"72033","Catano Municipio, PR",".",".",".",".","0.03","0.027","89","14","2",".",".","70","24","."
"72053","Fajardo Municipio, PR",".",".",".",".",".",".",".",".",".",".",".","56","23","."
"72057","Guayama Municipio, PR",".",".",".",".",".",".",".",".",".","12","4.8","52","21","."
"72059","Guayanilla Municipio, PR",".",".",".",".",".",".",".",".",".","10","4.9",".",".","."
"72061","Guaynabo Municipio, PR",".",".",".",".",".",".",".",".",".","13","6.9","78","30","."
"72069","Humacao Municipio, PR",".",".",".",".",".",".",".",".",".","10","4.3",".",".","."
"72077","Juncos Municipio, PR",".",".",".",".","0.04","0.034","10","2","0",".",".",".",".","."
"72097","Mayagnez Municipio, PR",".",".",".",".",".",".",".",".",".","11","5.4",".",".","."
"72113","Ponce Municipio, PR","7.9","2.1",".",".",".",".",".",".",".","12","5.8","68","30","."
"72123","Salinas Municipio, PR",".",".",".",".",".",".","30","11","4",".",".",".",".","0.04"
"72127","San Juan Municipio, PR","9.5","2.7",".",".",".",".",".",".",".",".",".",".",".","."
"78010","St Croix, VI",".",".",".",".",".",".","15","3","2","3","3.1","83","43","."
